
INSERT into timeseries(datasource_id, datasource_key, latest_time, latest_value) VALUES
('9680cd77-f2fd-47d1-ac29-d71ec4310ea7', 'AlumCr-Lake.Elev.Inst.15Minutes.0.OBS', null, null),
('9680cd77-f2fd-47d1-ac29-d71ec4310ea7', 'AlumCr-Lake.Flow.Inst.15Minutes.0.OBS', null, null),
('9680cd77-f2fd-47d1-ac29-d71ec4310ea7', 'AlumCr-Outflow.Flow.Inst.15Minutes.0.OBS', null, null),
('9680cd77-f2fd-47d1-ac29-d71ec4310ea7', 'AlumCr-Outflow.Stage.Inst.15Minutes.0.OBS', null, null),
('5bb6d520-5223-4b04-b348-f57268a41c03', 'AlumCr.Elev.Inst.0.Streambed', '2022-09-09T18:35:00-00', 820),
('5bb6d520-5223-4b04-b348-f57268a41c03', 'AlumCr.Elev.Inst.0.Top of Dam', '2022-09-09T18:35:00-00', 913),
('5bb6d520-5223-4b04-b348-f57268a41c03', 'AlumCr.Elev.Inst.0.Top of Flood', '2022-09-09T18:35:00-00', 901),
('9680cd77-f2fd-47d1-ac29-d71ec4310ea7', 'Atwood-Lake.Elev.Inst.15Minutes.0.OBS', null, null),
('9680cd77-f2fd-47d1-ac29-d71ec4310ea7', 'Atwood-Lake.Flow.Inst.15Minutes.0.OBS', null, null),
('9680cd77-f2fd-47d1-ac29-d71ec4310ea7', 'Atwood-Outflow.Flow.Inst.15Minutes.0.OBS', null, null),
('9680cd77-f2fd-47d1-ac29-d71ec4310ea7', 'Atwood-Outflow.Stage.Inst.15Minutes.0.OBS', null, null),
('5bb6d520-5223-4b04-b348-f57268a41c03', 'Atwood.Elev.Inst.0.Streambed', '2022-09-16T18:35:00-00', 886),
('5bb6d520-5223-4b04-b348-f57268a41c03', 'Atwood.Elev.Inst.0.Top of Dam', '2022-09-16T18:35:00-00', 955),
('5bb6d520-5223-4b04-b348-f57268a41c03', 'Atwood.Elev.Inst.0.Top of Flood', '2022-09-16T18:35:00-00', 941),
('9680cd77-f2fd-47d1-ac29-d71ec4310ea7', 'BeachCity-Lake.Elev.Inst.15Minutes.0.OBS', null, null),
('9680cd77-f2fd-47d1-ac29-d71ec4310ea7', 'BeachCity-Lake.Flow.Inst.15Minutes.0.OBS', null, null),
('9680cd77-f2fd-47d1-ac29-d71ec4310ea7', 'BeachCity-Outflow.Stage.Inst.15Minutes.0.OBS', null, null),
('9680cd77-f2fd-47d1-ac29-d71ec4310ea7', 'BeachCity-Outflow.Flow.Inst.15Minutes.0.OBS', null, null),
('5bb6d520-5223-4b04-b348-f57268a41c03', 'BeachCity.Elev.Inst.0.Streambed', '2022-09-19T18:35:00-00', 931),
('5bb6d520-5223-4b04-b348-f57268a41c03', 'BeachCity.Elev.Inst.0.Top of Dam', '2022-09-19T18:35:00-00', 999.7),
('5bb6d520-5223-4b04-b348-f57268a41c03', 'BeachCity.Elev.Inst.0.Top of Flood', '2022-09-19T18:35:00-00', 976.5),
('9680cd77-f2fd-47d1-ac29-d71ec4310ea7', 'Bolivar-Lake.Elev.Inst.15Minutes.0.OBS', null, null),
('9680cd77-f2fd-47d1-ac29-d71ec4310ea7', 'Bolivar-Lake.Flow.Inst.15Minutes.0.OBS', null, null),
('9680cd77-f2fd-47d1-ac29-d71ec4310ea7', 'Bolivar-Outflow.Flow.Inst.15Minutes.0.OBS', null, null),
('5bb6d520-5223-4b04-b348-f57268a41c03', 'Bolivar.Elev.Inst.0.Streambed', '2022-09-19T18:35:00-00', 890),
('5bb6d520-5223-4b04-b348-f57268a41c03', 'Bolivar.Elev.Inst.0.Top of Dam', '2022-09-19T18:35:00-00', 985.5),
('5bb6d520-5223-4b04-b348-f57268a41c03', 'Bolivar.Elev.Inst.0.Top of Flood', '2022-09-19T18:35:00-00', 962),
('9680cd77-f2fd-47d1-ac29-d71ec4310ea7', 'Bluestone-Lake.Elev.Inst.15Minutes.0.OBS', null, null),
('9680cd77-f2fd-47d1-ac29-d71ec4310ea7', 'Bluestone-Lake.Flow.Inst.15Minutes.0.OBS', null, null),
('9680cd77-f2fd-47d1-ac29-d71ec4310ea7', 'Bluestone-Outflow.Flow.Inst.15Minutes.0.OBS', null, null),
('9680cd77-f2fd-47d1-ac29-d71ec4310ea7', 'Bluestone-Outflow.Stage.Inst.15Minutes.0.OBS', null, null),
('5bb6d520-5223-4b04-b348-f57268a41c03', 'Bluestone.Elev.Inst.0.Streambed', '2022-09-18T18:35:00-00', 1368),
('5bb6d520-5223-4b04-b348-f57268a41c03', 'Bluestone.Elev.Inst.0.Top of Dam', '2022-09-18T18:35:00-00', 1535),
('5bb6d520-5223-4b04-b348-f57268a41c03', 'Bluestone.Elev.Inst.0.Top of Flood', '2022-09-18T18:35:00-00', 1520);

INSERT INTO visualization(id, location_id, slug, name, type_id) VALUES
('ff03ac20-439c-4504-8c33-8819db2acb23', (SELECT id from location where slug = 'alumcr'), 'lrh-alum-creek-dam-profile', 'Alum Creek Dam Profile Chart', '53da77d0-6550-4f02-abf8-4bcd1a596a7c'),
('1c89c8f2-b7ef-4cc6-a877-ac6c21d48e87', (SELECT id from location where slug = 'alumcr'), 'lrh-alum-creek-example-scatter', 'Alum Creek Dam Scatter Chart', '61910b8c-4dfb-4343-affb-d478b6bf915f'),
('41f2f75e-9472-4339-bac6-be898e809aee', (SELECT id from location where slug = 'atwood-1'), 'lrh-atwood-dam-profile', 'Atwood Dam Profile Chart', '53da77d0-6550-4f02-abf8-4bcd1a596a7c'),
('ec15892b-bfde-421f-adfa-9f7c0f906ec2', (SELECT id from location where slug = 'beachcity'), 'lrh-beachcity-dam-profile', 'Beach City Dam Profile Chart', '53da77d0-6550-4f02-abf8-4bcd1a596a7c'),
('8cc22bfd-678c-48ad-a35a-ff427c481cc6', (SELECT id from location where slug = 'bolivar'), 'lrh-bolivar-dam-profile', 'Bolivar Dam Profile Chart', '53da77d0-6550-4f02-abf8-4bcd1a596a7c'),
('945cd8de-39ec-4a75-836d-f14c0f609571', (SELECT id from location where slug = 'bluestone'), 'lrh-bluestone-dam-profile', 'Bluestone Dam Profile Chart', '53da77d0-6550-4f02-abf8-4bcd1a596a7c');

INSERT INTO visualization_variable_mapping(visualization_id, variable, timeseries_id) VALUES
('ff03ac20-439c-4504-8c33-8819db2acb23', 'pool', (SELECT id from timeseries where datasource_key = 'AlumCr-Lake.Elev.Inst.15Minutes.0.OBS')),
('ff03ac20-439c-4504-8c33-8819db2acb23', 'tail', (SELECT id from timeseries where datasource_key = 'AlumCr-Outflow.Stage.Inst.15Minutes.0.OBS')),
('ff03ac20-439c-4504-8c33-8819db2acb23', 'inflow', (SELECT id from timeseries where datasource_key = 'AlumCr-Lake.Flow.Inst.15Minutes.0.OBS')),
('ff03ac20-439c-4504-8c33-8819db2acb23', 'outflow', (SELECT id from timeseries where datasource_key = 'AlumCr-Outflow.Flow.Inst.15Minutes.0.OBS')),
('ff03ac20-439c-4504-8c33-8819db2acb23', 'streambed', (SELECT id from timeseries where datasource_key = 'AlumCr.Elev.Inst.0.Streambed')),
('ff03ac20-439c-4504-8c33-8819db2acb23', 'top-of-dam', (SELECT id from timeseries where datasource_key = 'AlumCr.Elev.Inst.0.Top of Dam')),
('ff03ac20-439c-4504-8c33-8819db2acb23', 'top-of-flood', (SELECT id from timeseries where datasource_key = 'AlumCr.Elev.Inst.0.Top of Flood')),
('41f2f75e-9472-4339-bac6-be898e809aee', 'pool', (SELECT id from timeseries where datasource_key = 'Atwood-Lake.Elev.Inst.15Minutes.0.OBS')),
('41f2f75e-9472-4339-bac6-be898e809aee', 'inflow', (SELECT id from timeseries where datasource_key = 'Atwood-Lake.Flow.Inst.15Minutes.0.OBS')),
('41f2f75e-9472-4339-bac6-be898e809aee', 'outflow', (SELECT id from timeseries where datasource_key = 'Atwood-Outflow.Flow.Inst.15Minutes.0.OBS')),
('41f2f75e-9472-4339-bac6-be898e809aee', 'streambed', (SELECT id from timeseries where datasource_key = 'Atwood.Elev.Inst.0.Streambed')),
('41f2f75e-9472-4339-bac6-be898e809aee', 'top-of-dam', (SELECT id from timeseries where datasource_key = 'Atwood.Elev.Inst.0.Top of Dam')),
('41f2f75e-9472-4339-bac6-be898e809aee', 'top-of-flood', (SELECT id from timeseries where datasource_key = 'Atwood.Elev.Inst.0.Top of Flood')),
('ec15892b-bfde-421f-adfa-9f7c0f906ec2', 'pool', (SELECT id from timeseries where datasource_key = 'BeachCity-Lake.Elev.Inst.15Minutes.0.OBS')),
('ec15892b-bfde-421f-adfa-9f7c0f906ec2', 'inflow', (SELECT id from timeseries where datasource_key = 'BeachCity-Lake.Flow.Inst.15Minutes.0.OBS')),
('ec15892b-bfde-421f-adfa-9f7c0f906ec2', 'outflow', (SELECT id from timeseries where datasource_key = 'BeachCity-Outflow.Flow.Inst.15Minutes.0.OBS')),
('ec15892b-bfde-421f-adfa-9f7c0f906ec2', 'streambed', (SELECT id from timeseries where datasource_key = 'BeachCity.Elev.Inst.0.Streambed')),
('ec15892b-bfde-421f-adfa-9f7c0f906ec2', 'top-of-dam', (SELECT id from timeseries where datasource_key = 'BeachCity.Elev.Inst.0.Top of Dam')),
('ec15892b-bfde-421f-adfa-9f7c0f906ec2', 'top-of-flood', (SELECT id from timeseries where datasource_key = 'BeachCity.Elev.Inst.0.Top of Flood')),
('8cc22bfd-678c-48ad-a35a-ff427c481cc6', 'pool', (SELECT id from timeseries where datasource_key = 'Bolivar-Lake.Elev.Inst.15Minutes.0.OBS')),
('8cc22bfd-678c-48ad-a35a-ff427c481cc6', 'inflow', (SELECT id from timeseries where datasource_key = 'Bolivar-Lake.Flow.Inst.15Minutes.0.OBS')),
('8cc22bfd-678c-48ad-a35a-ff427c481cc6', 'outflow', (SELECT id from timeseries where datasource_key = 'Bolivar-Outflow.Flow.Inst.15Minutes.0.OBS')),
('8cc22bfd-678c-48ad-a35a-ff427c481cc6', 'streambed', (SELECT id from timeseries where datasource_key = 'Bolivar.Elev.Inst.0.Streambed')),
('8cc22bfd-678c-48ad-a35a-ff427c481cc6', 'top-of-dam', (SELECT id from timeseries where datasource_key = 'Bolivar.Elev.Inst.0.Top of Dam')),
('8cc22bfd-678c-48ad-a35a-ff427c481cc6', 'top-of-flood', (SELECT id from timeseries where datasource_key = 'Bolivar.Elev.Inst.0.Top of Flood')),
('945cd8de-39ec-4a75-836d-f14c0f609571', 'pool', (SELECT id from timeseries where datasource_key = 'Bluestone-Lake.Elev.Inst.15Minutes.0.OBS')),
('945cd8de-39ec-4a75-836d-f14c0f609571', 'inflow', (SELECT id from timeseries where datasource_key = 'Bluestone-Lake.Flow.Inst.15Minutes.0.OBS')),
('945cd8de-39ec-4a75-836d-f14c0f609571', 'outflow', (SELECT id from timeseries where datasource_key = 'Bluestone-Outflow.Flow.Inst.15Minutes.0.OBS')),
('945cd8de-39ec-4a75-836d-f14c0f609571', 'streambed', (SELECT id from timeseries where datasource_key = 'Bluestone.Elev.Inst.0.Streambed')),
('945cd8de-39ec-4a75-836d-f14c0f609571', 'top-of-dam', (SELECT id from timeseries where datasource_key = 'Bluestone.Elev.Inst.0.Top of Dam')),
('945cd8de-39ec-4a75-836d-f14c0f609571', 'top-of-flood', (SELECT id from timeseries where datasource_key = 'Bluestone.Elev.Inst.0.Top of Flood')),
-- scatter seed
('1c89c8f2-b7ef-4cc6-a877-ac6c21d48e87', 'pool', (SELECT id from timeseries where datasource_key = 'AlumCr-Lake.Elev.Inst.15Minutes.0.OBS'));