-- level_kind seed data
INSERT INTO level_kind (id, slug, name) VALUES
    ('3a41a16f-a66e-43bb-bdad-57d369b6bf95', 'top-of-sepa-power', 'Top of SEPA Power'),
    ('c16b31bc-d753-4caa-8922-99febe2a0dea', 'bottom-of-sepa-power', 'Bottom of SEPA Power'),
    ('43e6ecff-32d0-4e03-ba79-f05a9ed5924d', 'top-of-flood-control', 'Top of Flood Control'),
    ('7a998105-2d91-4b2d-ab5d-9d2fe12b9125', 'bottom-of-flood-control', 'Bottom of Flood Control'),
    ('b3e8fbb0-ae51-4f56-b2b0-b39658f72375', 'top-of-hydropower', 'Top of Hydropower');

-- level seed data
INSERT INTO level (id, location_id, level_kind_id) VALUES
    ('7dc31c39-8b3f-43bc-ab93-f1f0ff160761', (SELECT id FROM location WHERE slug = 'dale-hollow'), '3a41a16f-a66e-43bb-bdad-57d369b6bf95'),
    ('25bf57cb-cd66-4377-9ed8-16490111b226', (SELECT id FROM location WHERE slug = 'dale-hollow'), 'c16b31bc-d753-4caa-8922-99febe2a0dea'),
    ('bfc583bd-e209-4d9b-8904-c10ce162417e', (SELECT id FROM location WHERE slug = 'dale-hollow'), '43e6ecff-32d0-4e03-ba79-f05a9ed5924d'),
    ('c57c598a-49aa-4321-8dc6-0af79ded687f', (SELECT id FROM location WHERE slug = 'dale-hollow'), '7a998105-2d91-4b2d-ab5d-9d2fe12b9125'),
    ('a0ef34b5-72a9-4ab1-b9d7-ea0fc1b9447f', (SELECT id FROM location WHERE slug = 'dale-hollow'), 'b3e8fbb0-ae51-4f56-b2b0-b39658f72375');

-- level_value seed data for Dale Hollow Lake
-- Julian Date for 1972-01-01 and 1972-12-31
INSERT INTO level_value (level_id, julian_date, value) VALUES
    ('bfc583bd-e209-4d9b-8904-c10ce162417e', (SELECT EXTRACT(EPOCH FROM '1900-01-01 06:00:00-06:00'::timestamptz)), 663), -- Top of Flood Control
    ('bfc583bd-e209-4d9b-8904-c10ce162417e', (SELECT EXTRACT(EPOCH FROM '1900-12-31 06:00:00-06:00'::timestamptz)), 663),
    ('c57c598a-49aa-4321-8dc6-0af79ded687f', (SELECT EXTRACT(EPOCH FROM '1900-01-01 06:00:00-06:00'::timestamptz)), 651), -- Bottom of Flood Control
    ('c57c598a-49aa-4321-8dc6-0af79ded687f', (SELECT EXTRACT(EPOCH FROM '1900-12-31 06:00:00-06:00'::timestamptz)), 651),
    ('a0ef34b5-72a9-4ab1-b9d7-ea0fc1b9447f', (SELECT EXTRACT(EPOCH FROM '1900-01-01 06:00:00-06:00'::timestamptz)), 651), -- Top of Hydropower
    ('a0ef34b5-72a9-4ab1-b9d7-ea0fc1b9447f', (SELECT EXTRACT(EPOCH FROM '1900-12-31 06:00:00-06:00'::timestamptz)), 651),
    ('7dc31c39-8b3f-43bc-ab93-f1f0ff160761', (SELECT EXTRACT(EPOCH FROM '1900-01-01 06:00:00-06:00'::timestamptz)), 641.0), -- Top of SEPA Power
    ('7dc31c39-8b3f-43bc-ab93-f1f0ff160761', (SELECT EXTRACT(EPOCH FROM '1900-01-02 06:00:00-06:00'::timestamptz)), 641.0),
    ('7dc31c39-8b3f-43bc-ab93-f1f0ff160761', (SELECT EXTRACT(EPOCH FROM '1900-01-03 06:00:00-06:00'::timestamptz)), 641.0),
    ('7dc31c39-8b3f-43bc-ab93-f1f0ff160761', (SELECT EXTRACT(EPOCH FROM '1900-01-04 06:00:00-06:00'::timestamptz)), 641.0),
    ('7dc31c39-8b3f-43bc-ab93-f1f0ff160761', (SELECT EXTRACT(EPOCH FROM '1900-01-05 06:00:00-06:00'::timestamptz)), 641.0),
    ('7dc31c39-8b3f-43bc-ab93-f1f0ff160761', (SELECT EXTRACT(EPOCH FROM '1900-01-06 06:00:00-06:00'::timestamptz)), 641.0),
    ('7dc31c39-8b3f-43bc-ab93-f1f0ff160761', (SELECT EXTRACT(EPOCH FROM '1900-01-07 06:00:00-06:00'::timestamptz)), 641.0),
    ('7dc31c39-8b3f-43bc-ab93-f1f0ff160761', (SELECT EXTRACT(EPOCH FROM '1900-01-08 06:00:00-06:00'::timestamptz)), 641.0),
    ('7dc31c39-8b3f-43bc-ab93-f1f0ff160761', (SELECT EXTRACT(EPOCH FROM '1900-01-09 06:00:00-06:00'::timestamptz)), 641.0),
    ('7dc31c39-8b3f-43bc-ab93-f1f0ff160761', (SELECT EXTRACT(EPOCH FROM '1900-01-10 06:00:00-06:00'::timestamptz)), 641.0),
    ('7dc31c39-8b3f-43bc-ab93-f1f0ff160761', (SELECT EXTRACT(EPOCH FROM '1900-01-11 06:00:00-06:00'::timestamptz)), 641.0),
    ('7dc31c39-8b3f-43bc-ab93-f1f0ff160761', (SELECT EXTRACT(EPOCH FROM '1900-01-12 06:00:00-06:00'::timestamptz)), 641.0),
    ('7dc31c39-8b3f-43bc-ab93-f1f0ff160761', (SELECT EXTRACT(EPOCH FROM '1900-01-13 06:00:00-06:00'::timestamptz)), 641.0),
    ('7dc31c39-8b3f-43bc-ab93-f1f0ff160761', (SELECT EXTRACT(EPOCH FROM '1900-01-14 06:00:00-06:00'::timestamptz)), 641.0),
    ('7dc31c39-8b3f-43bc-ab93-f1f0ff160761', (SELECT EXTRACT(EPOCH FROM '1900-01-15 06:00:00-06:00'::timestamptz)), 641.0),
    ('7dc31c39-8b3f-43bc-ab93-f1f0ff160761', (SELECT EXTRACT(EPOCH FROM '1900-01-16 06:00:00-06:00'::timestamptz)), 641.0),
    ('7dc31c39-8b3f-43bc-ab93-f1f0ff160761', (SELECT EXTRACT(EPOCH FROM '1900-01-17 06:00:00-06:00'::timestamptz)), 641.0),
    ('7dc31c39-8b3f-43bc-ab93-f1f0ff160761', (SELECT EXTRACT(EPOCH FROM '1900-01-18 06:00:00-06:00'::timestamptz)), 641.0),
    ('7dc31c39-8b3f-43bc-ab93-f1f0ff160761', (SELECT EXTRACT(EPOCH FROM '1900-01-19 06:00:00-06:00'::timestamptz)), 641.0),
    ('7dc31c39-8b3f-43bc-ab93-f1f0ff160761', (SELECT EXTRACT(EPOCH FROM '1900-01-20 06:00:00-06:00'::timestamptz)), 641.0),
    ('7dc31c39-8b3f-43bc-ab93-f1f0ff160761', (SELECT EXTRACT(EPOCH FROM '1900-01-21 06:00:00-06:00'::timestamptz)), 641.0),
    ('7dc31c39-8b3f-43bc-ab93-f1f0ff160761', (SELECT EXTRACT(EPOCH FROM '1900-01-22 06:00:00-06:00'::timestamptz)), 641.0),
    ('7dc31c39-8b3f-43bc-ab93-f1f0ff160761', (SELECT EXTRACT(EPOCH FROM '1900-01-23 06:00:00-06:00'::timestamptz)), 641.0),
    ('7dc31c39-8b3f-43bc-ab93-f1f0ff160761', (SELECT EXTRACT(EPOCH FROM '1900-01-24 06:00:00-06:00'::timestamptz)), 641.0),
    ('7dc31c39-8b3f-43bc-ab93-f1f0ff160761', (SELECT EXTRACT(EPOCH FROM '1900-01-25 06:00:00-06:00'::timestamptz)), 641.0),
    ('7dc31c39-8b3f-43bc-ab93-f1f0ff160761', (SELECT EXTRACT(EPOCH FROM '1900-01-26 06:00:00-06:00'::timestamptz)), 641.0),
    ('7dc31c39-8b3f-43bc-ab93-f1f0ff160761', (SELECT EXTRACT(EPOCH FROM '1900-01-27 06:00:00-06:00'::timestamptz)), 641.0),
    ('7dc31c39-8b3f-43bc-ab93-f1f0ff160761', (SELECT EXTRACT(EPOCH FROM '1900-01-28 06:00:00-06:00'::timestamptz)), 641.0),
    ('7dc31c39-8b3f-43bc-ab93-f1f0ff160761', (SELECT EXTRACT(EPOCH FROM '1900-01-29 06:00:00-06:00'::timestamptz)), 641.0),
    ('7dc31c39-8b3f-43bc-ab93-f1f0ff160761', (SELECT EXTRACT(EPOCH FROM '1900-01-30 06:00:00-06:00'::timestamptz)), 641.0),
    ('7dc31c39-8b3f-43bc-ab93-f1f0ff160761', (SELECT EXTRACT(EPOCH FROM '1900-01-31 06:00:00-06:00'::timestamptz)), 641.1),
    ('7dc31c39-8b3f-43bc-ab93-f1f0ff160761', (SELECT EXTRACT(EPOCH FROM '1900-02-01 06:00:00-06:00'::timestamptz)), 641.19),
    ('7dc31c39-8b3f-43bc-ab93-f1f0ff160761', (SELECT EXTRACT(EPOCH FROM '1900-02-02 06:00:00-06:00'::timestamptz)), 641.29),
    ('7dc31c39-8b3f-43bc-ab93-f1f0ff160761', (SELECT EXTRACT(EPOCH FROM '1900-02-03 06:00:00-06:00'::timestamptz)), 641.38),
    ('7dc31c39-8b3f-43bc-ab93-f1f0ff160761', (SELECT EXTRACT(EPOCH FROM '1900-02-04 06:00:00-06:00'::timestamptz)), 641.48),
    ('7dc31c39-8b3f-43bc-ab93-f1f0ff160761', (SELECT EXTRACT(EPOCH FROM '1900-02-05 06:00:00-06:00'::timestamptz)), 641.57),
    ('7dc31c39-8b3f-43bc-ab93-f1f0ff160761', (SELECT EXTRACT(EPOCH FROM '1900-02-06 06:00:00-06:00'::timestamptz)), 641.67),
    ('7dc31c39-8b3f-43bc-ab93-f1f0ff160761', (SELECT EXTRACT(EPOCH FROM '1900-02-07 06:00:00-06:00'::timestamptz)), 641.76),
    ('7dc31c39-8b3f-43bc-ab93-f1f0ff160761', (SELECT EXTRACT(EPOCH FROM '1900-02-08 06:00:00-06:00'::timestamptz)), 641.86),
    ('7dc31c39-8b3f-43bc-ab93-f1f0ff160761', (SELECT EXTRACT(EPOCH FROM '1900-02-09 06:00:00-06:00'::timestamptz)), 641.95),
    ('7dc31c39-8b3f-43bc-ab93-f1f0ff160761', (SELECT EXTRACT(EPOCH FROM '1900-02-10 06:00:00-06:00'::timestamptz)), 642.05),
    ('7dc31c39-8b3f-43bc-ab93-f1f0ff160761', (SELECT EXTRACT(EPOCH FROM '1900-02-11 06:00:00-06:00'::timestamptz)), 642.14),
    ('7dc31c39-8b3f-43bc-ab93-f1f0ff160761', (SELECT EXTRACT(EPOCH FROM '1900-02-12 06:00:00-06:00'::timestamptz)), 642.24),
    ('7dc31c39-8b3f-43bc-ab93-f1f0ff160761', (SELECT EXTRACT(EPOCH FROM '1900-02-13 06:00:00-06:00'::timestamptz)), 642.33),
    ('7dc31c39-8b3f-43bc-ab93-f1f0ff160761', (SELECT EXTRACT(EPOCH FROM '1900-02-14 06:00:00-06:00'::timestamptz)), 642.43),
    ('7dc31c39-8b3f-43bc-ab93-f1f0ff160761', (SELECT EXTRACT(EPOCH FROM '1900-02-15 06:00:00-06:00'::timestamptz)), 642.52),
    ('7dc31c39-8b3f-43bc-ab93-f1f0ff160761', (SELECT EXTRACT(EPOCH FROM '1900-02-16 06:00:00-06:00'::timestamptz)), 642.62),
    ('7dc31c39-8b3f-43bc-ab93-f1f0ff160761', (SELECT EXTRACT(EPOCH FROM '1900-02-17 06:00:00-06:00'::timestamptz)), 642.71),
    ('7dc31c39-8b3f-43bc-ab93-f1f0ff160761', (SELECT EXTRACT(EPOCH FROM '1900-02-18 06:00:00-06:00'::timestamptz)), 642.81),
    ('7dc31c39-8b3f-43bc-ab93-f1f0ff160761', (SELECT EXTRACT(EPOCH FROM '1900-02-19 06:00:00-06:00'::timestamptz)), 642.9),
    ('7dc31c39-8b3f-43bc-ab93-f1f0ff160761', (SELECT EXTRACT(EPOCH FROM '1900-02-20 06:00:00-06:00'::timestamptz)), 643.0),
    ('7dc31c39-8b3f-43bc-ab93-f1f0ff160761', (SELECT EXTRACT(EPOCH FROM '1900-02-21 06:00:00-06:00'::timestamptz)), 643.09),
    ('7dc31c39-8b3f-43bc-ab93-f1f0ff160761', (SELECT EXTRACT(EPOCH FROM '1900-02-22 06:00:00-06:00'::timestamptz)), 643.19),
    ('7dc31c39-8b3f-43bc-ab93-f1f0ff160761', (SELECT EXTRACT(EPOCH FROM '1900-02-23 06:00:00-06:00'::timestamptz)), 643.28),
    ('7dc31c39-8b3f-43bc-ab93-f1f0ff160761', (SELECT EXTRACT(EPOCH FROM '1900-02-24 06:00:00-06:00'::timestamptz)), 643.38),
    ('7dc31c39-8b3f-43bc-ab93-f1f0ff160761', (SELECT EXTRACT(EPOCH FROM '1900-02-25 06:00:00-06:00'::timestamptz)), 643.48),
    ('7dc31c39-8b3f-43bc-ab93-f1f0ff160761', (SELECT EXTRACT(EPOCH FROM '1900-02-26 06:00:00-06:00'::timestamptz)), 643.57),
    ('7dc31c39-8b3f-43bc-ab93-f1f0ff160761', (SELECT EXTRACT(EPOCH FROM '1900-02-27 06:00:00-06:00'::timestamptz)), 643.67),
    ('7dc31c39-8b3f-43bc-ab93-f1f0ff160761', (SELECT EXTRACT(EPOCH FROM '1900-02-28 06:00:00-06:00'::timestamptz)), 643.76),
    ('7dc31c39-8b3f-43bc-ab93-f1f0ff160761', (SELECT EXTRACT(EPOCH FROM '1900-03-01 06:00:00-06:00'::timestamptz)), 643.86),
    ('7dc31c39-8b3f-43bc-ab93-f1f0ff160761', (SELECT EXTRACT(EPOCH FROM '1900-03-02 06:00:00-06:00'::timestamptz)), 643.95),
    ('7dc31c39-8b3f-43bc-ab93-f1f0ff160761', (SELECT EXTRACT(EPOCH FROM '1900-03-03 06:00:00-06:00'::timestamptz)), 644.05),
    ('7dc31c39-8b3f-43bc-ab93-f1f0ff160761', (SELECT EXTRACT(EPOCH FROM '1900-03-04 06:00:00-06:00'::timestamptz)), 644.14),
    ('7dc31c39-8b3f-43bc-ab93-f1f0ff160761', (SELECT EXTRACT(EPOCH FROM '1900-03-05 06:00:00-06:00'::timestamptz)), 644.24),
    ('7dc31c39-8b3f-43bc-ab93-f1f0ff160761', (SELECT EXTRACT(EPOCH FROM '1900-03-06 06:00:00-06:00'::timestamptz)), 644.33),
    ('7dc31c39-8b3f-43bc-ab93-f1f0ff160761', (SELECT EXTRACT(EPOCH FROM '1900-03-07 06:00:00-06:00'::timestamptz)), 644.43),
    ('7dc31c39-8b3f-43bc-ab93-f1f0ff160761', (SELECT EXTRACT(EPOCH FROM '1900-03-08 06:00:00-06:00'::timestamptz)), 644.52),
    ('7dc31c39-8b3f-43bc-ab93-f1f0ff160761', (SELECT EXTRACT(EPOCH FROM '1900-03-09 06:00:00-06:00'::timestamptz)), 644.62),
    ('7dc31c39-8b3f-43bc-ab93-f1f0ff160761', (SELECT EXTRACT(EPOCH FROM '1900-03-10 06:00:00-06:00'::timestamptz)), 644.71),
    ('7dc31c39-8b3f-43bc-ab93-f1f0ff160761', (SELECT EXTRACT(EPOCH FROM '1900-03-11 06:00:00-06:00'::timestamptz)), 644.81),
    ('7dc31c39-8b3f-43bc-ab93-f1f0ff160761', (SELECT EXTRACT(EPOCH FROM '1900-03-12 06:00:00-06:00'::timestamptz)), 644.9),
    ('7dc31c39-8b3f-43bc-ab93-f1f0ff160761', (SELECT EXTRACT(EPOCH FROM '1900-03-13 06:00:00-06:00'::timestamptz)), 645.0),
    ('7dc31c39-8b3f-43bc-ab93-f1f0ff160761', (SELECT EXTRACT(EPOCH FROM '1900-03-14 06:00:00-06:00'::timestamptz)), 645.09),
    ('7dc31c39-8b3f-43bc-ab93-f1f0ff160761', (SELECT EXTRACT(EPOCH FROM '1900-03-15 06:00:00-06:00'::timestamptz)), 645.19),
    ('7dc31c39-8b3f-43bc-ab93-f1f0ff160761', (SELECT EXTRACT(EPOCH FROM '1900-03-16 06:00:00-06:00'::timestamptz)), 645.28),
    ('7dc31c39-8b3f-43bc-ab93-f1f0ff160761', (SELECT EXTRACT(EPOCH FROM '1900-03-17 06:00:00-06:00'::timestamptz)), 645.38),
    ('7dc31c39-8b3f-43bc-ab93-f1f0ff160761', (SELECT EXTRACT(EPOCH FROM '1900-03-18 06:00:00-06:00'::timestamptz)), 645.47),
    ('7dc31c39-8b3f-43bc-ab93-f1f0ff160761', (SELECT EXTRACT(EPOCH FROM '1900-03-19 06:00:00-06:00'::timestamptz)), 645.57),
    ('7dc31c39-8b3f-43bc-ab93-f1f0ff160761', (SELECT EXTRACT(EPOCH FROM '1900-03-20 06:00:00-06:00'::timestamptz)), 645.66),
    ('7dc31c39-8b3f-43bc-ab93-f1f0ff160761', (SELECT EXTRACT(EPOCH FROM '1900-03-21 06:00:00-06:00'::timestamptz)), 645.76),
    ('7dc31c39-8b3f-43bc-ab93-f1f0ff160761', (SELECT EXTRACT(EPOCH FROM '1900-03-22 06:00:00-06:00'::timestamptz)), 645.86),
    ('7dc31c39-8b3f-43bc-ab93-f1f0ff160761', (SELECT EXTRACT(EPOCH FROM '1900-03-23 06:00:00-06:00'::timestamptz)), 645.95),
    ('7dc31c39-8b3f-43bc-ab93-f1f0ff160761', (SELECT EXTRACT(EPOCH FROM '1900-03-24 06:00:00-06:00'::timestamptz)), 646.05),
    ('7dc31c39-8b3f-43bc-ab93-f1f0ff160761', (SELECT EXTRACT(EPOCH FROM '1900-03-25 06:00:00-06:00'::timestamptz)), 646.14),
    ('7dc31c39-8b3f-43bc-ab93-f1f0ff160761', (SELECT EXTRACT(EPOCH FROM '1900-03-26 06:00:00-06:00'::timestamptz)), 646.24),
    ('7dc31c39-8b3f-43bc-ab93-f1f0ff160761', (SELECT EXTRACT(EPOCH FROM '1900-03-27 06:00:00-06:00'::timestamptz)), 646.33),
    ('7dc31c39-8b3f-43bc-ab93-f1f0ff160761', (SELECT EXTRACT(EPOCH FROM '1900-03-28 06:00:00-06:00'::timestamptz)), 646.43),
    ('7dc31c39-8b3f-43bc-ab93-f1f0ff160761', (SELECT EXTRACT(EPOCH FROM '1900-03-29 06:00:00-06:00'::timestamptz)), 646.52),
    ('7dc31c39-8b3f-43bc-ab93-f1f0ff160761', (SELECT EXTRACT(EPOCH FROM '1900-03-30 06:00:00-06:00'::timestamptz)), 646.62),
    ('7dc31c39-8b3f-43bc-ab93-f1f0ff160761', (SELECT EXTRACT(EPOCH FROM '1900-03-31 06:00:00-06:00'::timestamptz)), 646.71),
    ('7dc31c39-8b3f-43bc-ab93-f1f0ff160761', (SELECT EXTRACT(EPOCH FROM '1900-04-01 06:00:00-06:00'::timestamptz)), 646.81),
    ('7dc31c39-8b3f-43bc-ab93-f1f0ff160761', (SELECT EXTRACT(EPOCH FROM '1900-04-02 06:00:00-06:00'::timestamptz)), 646.9),
    ('7dc31c39-8b3f-43bc-ab93-f1f0ff160761', (SELECT EXTRACT(EPOCH FROM '1900-04-03 06:00:00-06:00'::timestamptz)), 647.0),
    ('7dc31c39-8b3f-43bc-ab93-f1f0ff160761', (SELECT EXTRACT(EPOCH FROM '1900-04-04 06:00:00-06:00'::timestamptz)), 647.09),
    ('7dc31c39-8b3f-43bc-ab93-f1f0ff160761', (SELECT EXTRACT(EPOCH FROM '1900-04-05 06:00:00-06:00'::timestamptz)), 647.19),
    ('7dc31c39-8b3f-43bc-ab93-f1f0ff160761', (SELECT EXTRACT(EPOCH FROM '1900-04-06 06:00:00-06:00'::timestamptz)), 647.28),
    ('7dc31c39-8b3f-43bc-ab93-f1f0ff160761', (SELECT EXTRACT(EPOCH FROM '1900-04-07 06:00:00-06:00'::timestamptz)), 647.38),
    ('7dc31c39-8b3f-43bc-ab93-f1f0ff160761', (SELECT EXTRACT(EPOCH FROM '1900-04-08 06:00:00-06:00'::timestamptz)), 647.47),
    ('7dc31c39-8b3f-43bc-ab93-f1f0ff160761', (SELECT EXTRACT(EPOCH FROM '1900-04-09 06:00:00-06:00'::timestamptz)), 647.57),
    ('7dc31c39-8b3f-43bc-ab93-f1f0ff160761', (SELECT EXTRACT(EPOCH FROM '1900-04-10 06:00:00-06:00'::timestamptz)), 647.66),
    ('7dc31c39-8b3f-43bc-ab93-f1f0ff160761', (SELECT EXTRACT(EPOCH FROM '1900-04-11 06:00:00-06:00'::timestamptz)), 647.76),
    ('7dc31c39-8b3f-43bc-ab93-f1f0ff160761', (SELECT EXTRACT(EPOCH FROM '1900-04-12 06:00:00-06:00'::timestamptz)), 647.85),
    ('7dc31c39-8b3f-43bc-ab93-f1f0ff160761', (SELECT EXTRACT(EPOCH FROM '1900-04-13 06:00:00-06:00'::timestamptz)), 647.95),
    ('7dc31c39-8b3f-43bc-ab93-f1f0ff160761', (SELECT EXTRACT(EPOCH FROM '1900-04-14 06:00:00-06:00'::timestamptz)), 648.04),
    ('7dc31c39-8b3f-43bc-ab93-f1f0ff160761', (SELECT EXTRACT(EPOCH FROM '1900-04-15 06:00:00-06:00'::timestamptz)), 648.14),
    ('7dc31c39-8b3f-43bc-ab93-f1f0ff160761', (SELECT EXTRACT(EPOCH FROM '1900-04-16 06:00:00-06:00'::timestamptz)), 648.24),
    ('7dc31c39-8b3f-43bc-ab93-f1f0ff160761', (SELECT EXTRACT(EPOCH FROM '1900-04-17 06:00:00-06:00'::timestamptz)), 648.33),
    ('7dc31c39-8b3f-43bc-ab93-f1f0ff160761', (SELECT EXTRACT(EPOCH FROM '1900-04-18 06:00:00-06:00'::timestamptz)), 648.43),
    ('7dc31c39-8b3f-43bc-ab93-f1f0ff160761', (SELECT EXTRACT(EPOCH FROM '1900-04-19 06:00:00-06:00'::timestamptz)), 648.52),
    ('7dc31c39-8b3f-43bc-ab93-f1f0ff160761', (SELECT EXTRACT(EPOCH FROM '1900-04-20 06:00:00-06:00'::timestamptz)), 648.62),
    ('7dc31c39-8b3f-43bc-ab93-f1f0ff160761', (SELECT EXTRACT(EPOCH FROM '1900-04-21 06:00:00-06:00'::timestamptz)), 648.71),
    ('7dc31c39-8b3f-43bc-ab93-f1f0ff160761', (SELECT EXTRACT(EPOCH FROM '1900-04-22 06:00:00-06:00'::timestamptz)), 648.81),
    ('7dc31c39-8b3f-43bc-ab93-f1f0ff160761', (SELECT EXTRACT(EPOCH FROM '1900-04-23 06:00:00-06:00'::timestamptz)), 648.9),
    ('7dc31c39-8b3f-43bc-ab93-f1f0ff160761', (SELECT EXTRACT(EPOCH FROM '1900-04-24 06:00:00-06:00'::timestamptz)), 649.0),
    ('7dc31c39-8b3f-43bc-ab93-f1f0ff160761', (SELECT EXTRACT(EPOCH FROM '1900-04-25 06:00:00-06:00'::timestamptz)), 649.09),
    ('7dc31c39-8b3f-43bc-ab93-f1f0ff160761', (SELECT EXTRACT(EPOCH FROM '1900-04-26 06:00:00-06:00'::timestamptz)), 649.19),
    ('7dc31c39-8b3f-43bc-ab93-f1f0ff160761', (SELECT EXTRACT(EPOCH FROM '1900-04-27 06:00:00-06:00'::timestamptz)), 649.28),
    ('7dc31c39-8b3f-43bc-ab93-f1f0ff160761', (SELECT EXTRACT(EPOCH FROM '1900-04-28 06:00:00-06:00'::timestamptz)), 649.38),
    ('7dc31c39-8b3f-43bc-ab93-f1f0ff160761', (SELECT EXTRACT(EPOCH FROM '1900-04-29 06:00:00-06:00'::timestamptz)), 649.47),
    ('7dc31c39-8b3f-43bc-ab93-f1f0ff160761', (SELECT EXTRACT(EPOCH FROM '1900-04-30 06:00:00-06:00'::timestamptz)), 649.57),
    ('7dc31c39-8b3f-43bc-ab93-f1f0ff160761', (SELECT EXTRACT(EPOCH FROM '1900-05-01 06:00:00-06:00'::timestamptz)), 649.66),
    ('7dc31c39-8b3f-43bc-ab93-f1f0ff160761', (SELECT EXTRACT(EPOCH FROM '1900-05-02 06:00:00-06:00'::timestamptz)), 649.76),
    ('7dc31c39-8b3f-43bc-ab93-f1f0ff160761', (SELECT EXTRACT(EPOCH FROM '1900-05-03 06:00:00-06:00'::timestamptz)), 649.85),
    ('7dc31c39-8b3f-43bc-ab93-f1f0ff160761', (SELECT EXTRACT(EPOCH FROM '1900-05-04 06:00:00-06:00'::timestamptz)), 649.95),
    ('7dc31c39-8b3f-43bc-ab93-f1f0ff160761', (SELECT EXTRACT(EPOCH FROM '1900-05-05 06:00:00-06:00'::timestamptz)), 650.04),
    ('7dc31c39-8b3f-43bc-ab93-f1f0ff160761', (SELECT EXTRACT(EPOCH FROM '1900-05-06 06:00:00-06:00'::timestamptz)), 650.14),
    ('7dc31c39-8b3f-43bc-ab93-f1f0ff160761', (SELECT EXTRACT(EPOCH FROM '1900-05-07 06:00:00-06:00'::timestamptz)), 650.23),
    ('7dc31c39-8b3f-43bc-ab93-f1f0ff160761', (SELECT EXTRACT(EPOCH FROM '1900-05-08 06:00:00-06:00'::timestamptz)), 650.33),
    ('7dc31c39-8b3f-43bc-ab93-f1f0ff160761', (SELECT EXTRACT(EPOCH FROM '1900-05-09 06:00:00-06:00'::timestamptz)), 650.42),
    ('7dc31c39-8b3f-43bc-ab93-f1f0ff160761', (SELECT EXTRACT(EPOCH FROM '1900-05-10 06:00:00-06:00'::timestamptz)), 650.52),
    ('7dc31c39-8b3f-43bc-ab93-f1f0ff160761', (SELECT EXTRACT(EPOCH FROM '1900-05-11 06:00:00-06:00'::timestamptz)), 650.62),
    ('7dc31c39-8b3f-43bc-ab93-f1f0ff160761', (SELECT EXTRACT(EPOCH FROM '1900-05-12 06:00:00-06:00'::timestamptz)), 650.71),
    ('7dc31c39-8b3f-43bc-ab93-f1f0ff160761', (SELECT EXTRACT(EPOCH FROM '1900-05-13 06:00:00-06:00'::timestamptz)), 650.81),
    ('7dc31c39-8b3f-43bc-ab93-f1f0ff160761', (SELECT EXTRACT(EPOCH FROM '1900-05-14 06:00:00-06:00'::timestamptz)), 650.9),
    ('7dc31c39-8b3f-43bc-ab93-f1f0ff160761', (SELECT EXTRACT(EPOCH FROM '1900-05-15 06:00:00-06:00'::timestamptz)), 651.0),
    ('7dc31c39-8b3f-43bc-ab93-f1f0ff160761', (SELECT EXTRACT(EPOCH FROM '1900-05-16 06:00:00-06:00'::timestamptz)), 651.0),
    ('7dc31c39-8b3f-43bc-ab93-f1f0ff160761', (SELECT EXTRACT(EPOCH FROM '1900-05-17 06:00:00-06:00'::timestamptz)), 651.0),
    ('7dc31c39-8b3f-43bc-ab93-f1f0ff160761', (SELECT EXTRACT(EPOCH FROM '1900-05-18 06:00:00-06:00'::timestamptz)), 651.0),
    ('7dc31c39-8b3f-43bc-ab93-f1f0ff160761', (SELECT EXTRACT(EPOCH FROM '1900-05-19 06:00:00-06:00'::timestamptz)), 651.0),
    ('7dc31c39-8b3f-43bc-ab93-f1f0ff160761', (SELECT EXTRACT(EPOCH FROM '1900-05-20 06:00:00-06:00'::timestamptz)), 651.0),
    ('7dc31c39-8b3f-43bc-ab93-f1f0ff160761', (SELECT EXTRACT(EPOCH FROM '1900-05-21 06:00:00-06:00'::timestamptz)), 651.0),
    ('7dc31c39-8b3f-43bc-ab93-f1f0ff160761', (SELECT EXTRACT(EPOCH FROM '1900-05-22 06:00:00-06:00'::timestamptz)), 651.0),
    ('7dc31c39-8b3f-43bc-ab93-f1f0ff160761', (SELECT EXTRACT(EPOCH FROM '1900-05-23 06:00:00-06:00'::timestamptz)), 651.0),
    ('7dc31c39-8b3f-43bc-ab93-f1f0ff160761', (SELECT EXTRACT(EPOCH FROM '1900-05-24 06:00:00-06:00'::timestamptz)), 651.0),
    ('7dc31c39-8b3f-43bc-ab93-f1f0ff160761', (SELECT EXTRACT(EPOCH FROM '1900-05-25 06:00:00-06:00'::timestamptz)), 651.0),
    ('7dc31c39-8b3f-43bc-ab93-f1f0ff160761', (SELECT EXTRACT(EPOCH FROM '1900-05-26 06:00:00-06:00'::timestamptz)), 651.0),
    ('7dc31c39-8b3f-43bc-ab93-f1f0ff160761', (SELECT EXTRACT(EPOCH FROM '1900-05-27 06:00:00-06:00'::timestamptz)), 651.0),
    ('7dc31c39-8b3f-43bc-ab93-f1f0ff160761', (SELECT EXTRACT(EPOCH FROM '1900-05-28 06:00:00-06:00'::timestamptz)), 651.0),
    ('7dc31c39-8b3f-43bc-ab93-f1f0ff160761', (SELECT EXTRACT(EPOCH FROM '1900-05-29 06:00:00-06:00'::timestamptz)), 651.0),
    ('7dc31c39-8b3f-43bc-ab93-f1f0ff160761', (SELECT EXTRACT(EPOCH FROM '1900-05-30 06:00:00-06:00'::timestamptz)), 651.0),
    ('7dc31c39-8b3f-43bc-ab93-f1f0ff160761', (SELECT EXTRACT(EPOCH FROM '1900-05-31 06:00:00-06:00'::timestamptz)), 651.0),
    ('7dc31c39-8b3f-43bc-ab93-f1f0ff160761', (SELECT EXTRACT(EPOCH FROM '1900-06-01 06:00:00-06:00'::timestamptz)), 651.0),
    ('7dc31c39-8b3f-43bc-ab93-f1f0ff160761', (SELECT EXTRACT(EPOCH FROM '1900-06-02 06:00:00-06:00'::timestamptz)), 651.0),
    ('7dc31c39-8b3f-43bc-ab93-f1f0ff160761', (SELECT EXTRACT(EPOCH FROM '1900-06-03 06:00:00-06:00'::timestamptz)), 651.0),
    ('7dc31c39-8b3f-43bc-ab93-f1f0ff160761', (SELECT EXTRACT(EPOCH FROM '1900-06-04 06:00:00-06:00'::timestamptz)), 651.0),
    ('7dc31c39-8b3f-43bc-ab93-f1f0ff160761', (SELECT EXTRACT(EPOCH FROM '1900-06-05 06:00:00-06:00'::timestamptz)), 651.0),
    ('7dc31c39-8b3f-43bc-ab93-f1f0ff160761', (SELECT EXTRACT(EPOCH FROM '1900-06-06 06:00:00-06:00'::timestamptz)), 651.0),
    ('7dc31c39-8b3f-43bc-ab93-f1f0ff160761', (SELECT EXTRACT(EPOCH FROM '1900-06-07 06:00:00-06:00'::timestamptz)), 651.0),
    ('7dc31c39-8b3f-43bc-ab93-f1f0ff160761', (SELECT EXTRACT(EPOCH FROM '1900-06-08 06:00:00-06:00'::timestamptz)), 651.0),
    ('7dc31c39-8b3f-43bc-ab93-f1f0ff160761', (SELECT EXTRACT(EPOCH FROM '1900-06-09 06:00:00-06:00'::timestamptz)), 651.0),
    ('7dc31c39-8b3f-43bc-ab93-f1f0ff160761', (SELECT EXTRACT(EPOCH FROM '1900-06-10 06:00:00-06:00'::timestamptz)), 651.0),
    ('7dc31c39-8b3f-43bc-ab93-f1f0ff160761', (SELECT EXTRACT(EPOCH FROM '1900-06-11 06:00:00-06:00'::timestamptz)), 651.0),
    ('7dc31c39-8b3f-43bc-ab93-f1f0ff160761', (SELECT EXTRACT(EPOCH FROM '1900-06-12 06:00:00-06:00'::timestamptz)), 651.0),
    ('7dc31c39-8b3f-43bc-ab93-f1f0ff160761', (SELECT EXTRACT(EPOCH FROM '1900-06-13 06:00:00-06:00'::timestamptz)), 651.0),
    ('7dc31c39-8b3f-43bc-ab93-f1f0ff160761', (SELECT EXTRACT(EPOCH FROM '1900-06-14 06:00:00-06:00'::timestamptz)), 651.0),
    ('7dc31c39-8b3f-43bc-ab93-f1f0ff160761', (SELECT EXTRACT(EPOCH FROM '1900-06-15 06:00:00-06:00'::timestamptz)), 651.0),
    ('7dc31c39-8b3f-43bc-ab93-f1f0ff160761', (SELECT EXTRACT(EPOCH FROM '1900-06-16 06:00:00-06:00'::timestamptz)), 650.92),
    ('7dc31c39-8b3f-43bc-ab93-f1f0ff160761', (SELECT EXTRACT(EPOCH FROM '1900-06-17 06:00:00-06:00'::timestamptz)), 650.84),
    ('7dc31c39-8b3f-43bc-ab93-f1f0ff160761', (SELECT EXTRACT(EPOCH FROM '1900-06-18 06:00:00-06:00'::timestamptz)), 650.77),
    ('7dc31c39-8b3f-43bc-ab93-f1f0ff160761', (SELECT EXTRACT(EPOCH FROM '1900-06-19 06:00:00-06:00'::timestamptz)), 650.69),
    ('7dc31c39-8b3f-43bc-ab93-f1f0ff160761', (SELECT EXTRACT(EPOCH FROM '1900-06-20 06:00:00-06:00'::timestamptz)), 650.61),
    ('7dc31c39-8b3f-43bc-ab93-f1f0ff160761', (SELECT EXTRACT(EPOCH FROM '1900-06-21 06:00:00-06:00'::timestamptz)), 650.53),
    ('7dc31c39-8b3f-43bc-ab93-f1f0ff160761', (SELECT EXTRACT(EPOCH FROM '1900-06-22 06:00:00-06:00'::timestamptz)), 650.45),
    ('7dc31c39-8b3f-43bc-ab93-f1f0ff160761', (SELECT EXTRACT(EPOCH FROM '1900-06-23 06:00:00-06:00'::timestamptz)), 650.38),
    ('7dc31c39-8b3f-43bc-ab93-f1f0ff160761', (SELECT EXTRACT(EPOCH FROM '1900-06-24 06:00:00-06:00'::timestamptz)), 650.3),
    ('7dc31c39-8b3f-43bc-ab93-f1f0ff160761', (SELECT EXTRACT(EPOCH FROM '1900-06-25 06:00:00-06:00'::timestamptz)), 650.22),
    ('7dc31c39-8b3f-43bc-ab93-f1f0ff160761', (SELECT EXTRACT(EPOCH FROM '1900-06-26 06:00:00-06:00'::timestamptz)), 650.14),
    ('7dc31c39-8b3f-43bc-ab93-f1f0ff160761', (SELECT EXTRACT(EPOCH FROM '1900-06-27 06:00:00-06:00'::timestamptz)), 650.07),
    ('7dc31c39-8b3f-43bc-ab93-f1f0ff160761', (SELECT EXTRACT(EPOCH FROM '1900-06-28 06:00:00-06:00'::timestamptz)), 649.99),
    ('7dc31c39-8b3f-43bc-ab93-f1f0ff160761', (SELECT EXTRACT(EPOCH FROM '1900-06-29 06:00:00-06:00'::timestamptz)), 649.91),
    ('7dc31c39-8b3f-43bc-ab93-f1f0ff160761', (SELECT EXTRACT(EPOCH FROM '1900-06-30 06:00:00-06:00'::timestamptz)), 649.83),
    ('7dc31c39-8b3f-43bc-ab93-f1f0ff160761', (SELECT EXTRACT(EPOCH FROM '1900-07-01 06:00:00-06:00'::timestamptz)), 649.75),
    ('7dc31c39-8b3f-43bc-ab93-f1f0ff160761', (SELECT EXTRACT(EPOCH FROM '1900-07-02 06:00:00-06:00'::timestamptz)), 649.68),
    ('7dc31c39-8b3f-43bc-ab93-f1f0ff160761', (SELECT EXTRACT(EPOCH FROM '1900-07-03 06:00:00-06:00'::timestamptz)), 649.6),
    ('7dc31c39-8b3f-43bc-ab93-f1f0ff160761', (SELECT EXTRACT(EPOCH FROM '1900-07-04 06:00:00-06:00'::timestamptz)), 649.52),
    ('7dc31c39-8b3f-43bc-ab93-f1f0ff160761', (SELECT EXTRACT(EPOCH FROM '1900-07-05 06:00:00-06:00'::timestamptz)), 649.44),
    ('7dc31c39-8b3f-43bc-ab93-f1f0ff160761', (SELECT EXTRACT(EPOCH FROM '1900-07-06 06:00:00-06:00'::timestamptz)), 649.36),
    ('7dc31c39-8b3f-43bc-ab93-f1f0ff160761', (SELECT EXTRACT(EPOCH FROM '1900-07-07 06:00:00-06:00'::timestamptz)), 649.29),
    ('7dc31c39-8b3f-43bc-ab93-f1f0ff160761', (SELECT EXTRACT(EPOCH FROM '1900-07-08 06:00:00-06:00'::timestamptz)), 649.21),
    ('7dc31c39-8b3f-43bc-ab93-f1f0ff160761', (SELECT EXTRACT(EPOCH FROM '1900-07-09 06:00:00-06:00'::timestamptz)), 649.13),
    ('7dc31c39-8b3f-43bc-ab93-f1f0ff160761', (SELECT EXTRACT(EPOCH FROM '1900-07-10 06:00:00-06:00'::timestamptz)), 649.05),
    ('7dc31c39-8b3f-43bc-ab93-f1f0ff160761', (SELECT EXTRACT(EPOCH FROM '1900-07-11 06:00:00-06:00'::timestamptz)), 648.97),
    ('7dc31c39-8b3f-43bc-ab93-f1f0ff160761', (SELECT EXTRACT(EPOCH FROM '1900-07-12 06:00:00-06:00'::timestamptz)), 648.9),
    ('7dc31c39-8b3f-43bc-ab93-f1f0ff160761', (SELECT EXTRACT(EPOCH FROM '1900-07-13 06:00:00-06:00'::timestamptz)), 648.82),
    ('7dc31c39-8b3f-43bc-ab93-f1f0ff160761', (SELECT EXTRACT(EPOCH FROM '1900-07-14 06:00:00-06:00'::timestamptz)), 648.74),
    ('7dc31c39-8b3f-43bc-ab93-f1f0ff160761', (SELECT EXTRACT(EPOCH FROM '1900-07-15 06:00:00-06:00'::timestamptz)), 648.66),
    ('7dc31c39-8b3f-43bc-ab93-f1f0ff160761', (SELECT EXTRACT(EPOCH FROM '1900-07-16 06:00:00-06:00'::timestamptz)), 648.59),
    ('7dc31c39-8b3f-43bc-ab93-f1f0ff160761', (SELECT EXTRACT(EPOCH FROM '1900-07-17 06:00:00-06:00'::timestamptz)), 648.51),
    ('7dc31c39-8b3f-43bc-ab93-f1f0ff160761', (SELECT EXTRACT(EPOCH FROM '1900-07-18 06:00:00-06:00'::timestamptz)), 648.43),
    ('7dc31c39-8b3f-43bc-ab93-f1f0ff160761', (SELECT EXTRACT(EPOCH FROM '1900-07-19 06:00:00-06:00'::timestamptz)), 648.35),
    ('7dc31c39-8b3f-43bc-ab93-f1f0ff160761', (SELECT EXTRACT(EPOCH FROM '1900-07-20 06:00:00-06:00'::timestamptz)), 648.27),
    ('7dc31c39-8b3f-43bc-ab93-f1f0ff160761', (SELECT EXTRACT(EPOCH FROM '1900-07-21 06:00:00-06:00'::timestamptz)), 648.2),
    ('7dc31c39-8b3f-43bc-ab93-f1f0ff160761', (SELECT EXTRACT(EPOCH FROM '1900-07-22 06:00:00-06:00'::timestamptz)), 648.12),
    ('7dc31c39-8b3f-43bc-ab93-f1f0ff160761', (SELECT EXTRACT(EPOCH FROM '1900-07-23 06:00:00-06:00'::timestamptz)), 648.04),
    ('7dc31c39-8b3f-43bc-ab93-f1f0ff160761', (SELECT EXTRACT(EPOCH FROM '1900-07-24 06:00:00-06:00'::timestamptz)), 647.96),
    ('7dc31c39-8b3f-43bc-ab93-f1f0ff160761', (SELECT EXTRACT(EPOCH FROM '1900-07-25 06:00:00-06:00'::timestamptz)), 647.88),
    ('7dc31c39-8b3f-43bc-ab93-f1f0ff160761', (SELECT EXTRACT(EPOCH FROM '1900-07-26 06:00:00-06:00'::timestamptz)), 647.81),
    ('7dc31c39-8b3f-43bc-ab93-f1f0ff160761', (SELECT EXTRACT(EPOCH FROM '1900-07-27 06:00:00-06:00'::timestamptz)), 647.73),
    ('7dc31c39-8b3f-43bc-ab93-f1f0ff160761', (SELECT EXTRACT(EPOCH FROM '1900-07-28 06:00:00-06:00'::timestamptz)), 647.65),
    ('7dc31c39-8b3f-43bc-ab93-f1f0ff160761', (SELECT EXTRACT(EPOCH FROM '1900-07-29 06:00:00-06:00'::timestamptz)), 647.57),
    ('7dc31c39-8b3f-43bc-ab93-f1f0ff160761', (SELECT EXTRACT(EPOCH FROM '1900-07-30 06:00:00-06:00'::timestamptz)), 647.49),
    ('7dc31c39-8b3f-43bc-ab93-f1f0ff160761', (SELECT EXTRACT(EPOCH FROM '1900-07-31 06:00:00-06:00'::timestamptz)), 647.42),
    ('7dc31c39-8b3f-43bc-ab93-f1f0ff160761', (SELECT EXTRACT(EPOCH FROM '1900-08-01 06:00:00-06:00'::timestamptz)), 647.34),
    ('7dc31c39-8b3f-43bc-ab93-f1f0ff160761', (SELECT EXTRACT(EPOCH FROM '1900-08-02 06:00:00-06:00'::timestamptz)), 647.26),
    ('7dc31c39-8b3f-43bc-ab93-f1f0ff160761', (SELECT EXTRACT(EPOCH FROM '1900-08-03 06:00:00-06:00'::timestamptz)), 647.18),
    ('7dc31c39-8b3f-43bc-ab93-f1f0ff160761', (SELECT EXTRACT(EPOCH FROM '1900-08-04 06:00:00-06:00'::timestamptz)), 647.11),
    ('7dc31c39-8b3f-43bc-ab93-f1f0ff160761', (SELECT EXTRACT(EPOCH FROM '1900-08-05 06:00:00-06:00'::timestamptz)), 647.03),
    ('7dc31c39-8b3f-43bc-ab93-f1f0ff160761', (SELECT EXTRACT(EPOCH FROM '1900-08-06 06:00:00-06:00'::timestamptz)), 646.95),
    ('7dc31c39-8b3f-43bc-ab93-f1f0ff160761', (SELECT EXTRACT(EPOCH FROM '1900-08-07 06:00:00-06:00'::timestamptz)), 646.87),
    ('7dc31c39-8b3f-43bc-ab93-f1f0ff160761', (SELECT EXTRACT(EPOCH FROM '1900-08-08 06:00:00-06:00'::timestamptz)), 646.79),
    ('7dc31c39-8b3f-43bc-ab93-f1f0ff160761', (SELECT EXTRACT(EPOCH FROM '1900-08-09 06:00:00-06:00'::timestamptz)), 646.72),
    ('7dc31c39-8b3f-43bc-ab93-f1f0ff160761', (SELECT EXTRACT(EPOCH FROM '1900-08-10 06:00:00-06:00'::timestamptz)), 646.64),
    ('7dc31c39-8b3f-43bc-ab93-f1f0ff160761', (SELECT EXTRACT(EPOCH FROM '1900-08-11 06:00:00-06:00'::timestamptz)), 646.56),
    ('7dc31c39-8b3f-43bc-ab93-f1f0ff160761', (SELECT EXTRACT(EPOCH FROM '1900-08-12 06:00:00-06:00'::timestamptz)), 646.48),
    ('7dc31c39-8b3f-43bc-ab93-f1f0ff160761', (SELECT EXTRACT(EPOCH FROM '1900-08-13 06:00:00-06:00'::timestamptz)), 646.4),
    ('7dc31c39-8b3f-43bc-ab93-f1f0ff160761', (SELECT EXTRACT(EPOCH FROM '1900-08-14 06:00:00-06:00'::timestamptz)), 646.33),
    ('7dc31c39-8b3f-43bc-ab93-f1f0ff160761', (SELECT EXTRACT(EPOCH FROM '1900-08-15 06:00:00-06:00'::timestamptz)), 646.25),
    ('7dc31c39-8b3f-43bc-ab93-f1f0ff160761', (SELECT EXTRACT(EPOCH FROM '1900-08-16 06:00:00-06:00'::timestamptz)), 646.17),
    ('7dc31c39-8b3f-43bc-ab93-f1f0ff160761', (SELECT EXTRACT(EPOCH FROM '1900-08-17 06:00:00-06:00'::timestamptz)), 646.09),
    ('7dc31c39-8b3f-43bc-ab93-f1f0ff160761', (SELECT EXTRACT(EPOCH FROM '1900-08-18 06:00:00-06:00'::timestamptz)), 646.01),
    ('7dc31c39-8b3f-43bc-ab93-f1f0ff160761', (SELECT EXTRACT(EPOCH FROM '1900-08-19 06:00:00-06:00'::timestamptz)), 645.94),
    ('7dc31c39-8b3f-43bc-ab93-f1f0ff160761', (SELECT EXTRACT(EPOCH FROM '1900-08-20 06:00:00-06:00'::timestamptz)), 645.86),
    ('7dc31c39-8b3f-43bc-ab93-f1f0ff160761', (SELECT EXTRACT(EPOCH FROM '1900-08-21 06:00:00-06:00'::timestamptz)), 645.78),
    ('7dc31c39-8b3f-43bc-ab93-f1f0ff160761', (SELECT EXTRACT(EPOCH FROM '1900-08-22 06:00:00-06:00'::timestamptz)), 645.7),
    ('7dc31c39-8b3f-43bc-ab93-f1f0ff160761', (SELECT EXTRACT(EPOCH FROM '1900-08-23 06:00:00-06:00'::timestamptz)), 645.62),
    ('7dc31c39-8b3f-43bc-ab93-f1f0ff160761', (SELECT EXTRACT(EPOCH FROM '1900-08-24 06:00:00-06:00'::timestamptz)), 645.55),
    ('7dc31c39-8b3f-43bc-ab93-f1f0ff160761', (SELECT EXTRACT(EPOCH FROM '1900-08-25 06:00:00-06:00'::timestamptz)), 645.47),
    ('7dc31c39-8b3f-43bc-ab93-f1f0ff160761', (SELECT EXTRACT(EPOCH FROM '1900-08-26 06:00:00-06:00'::timestamptz)), 645.39),
    ('7dc31c39-8b3f-43bc-ab93-f1f0ff160761', (SELECT EXTRACT(EPOCH FROM '1900-08-27 06:00:00-06:00'::timestamptz)), 645.31),
    ('7dc31c39-8b3f-43bc-ab93-f1f0ff160761', (SELECT EXTRACT(EPOCH FROM '1900-08-28 06:00:00-06:00'::timestamptz)), 645.24),
    ('7dc31c39-8b3f-43bc-ab93-f1f0ff160761', (SELECT EXTRACT(EPOCH FROM '1900-08-29 06:00:00-06:00'::timestamptz)), 645.16),
    ('7dc31c39-8b3f-43bc-ab93-f1f0ff160761', (SELECT EXTRACT(EPOCH FROM '1900-08-30 06:00:00-06:00'::timestamptz)), 645.08),
    ('7dc31c39-8b3f-43bc-ab93-f1f0ff160761', (SELECT EXTRACT(EPOCH FROM '1900-08-31 06:00:00-06:00'::timestamptz)), 645.0),
    ('7dc31c39-8b3f-43bc-ab93-f1f0ff160761', (SELECT EXTRACT(EPOCH FROM '1900-09-01 06:00:00-06:00'::timestamptz)), 644.97),
    ('7dc31c39-8b3f-43bc-ab93-f1f0ff160761', (SELECT EXTRACT(EPOCH FROM '1900-09-02 06:00:00-06:00'::timestamptz)), 644.93),
    ('7dc31c39-8b3f-43bc-ab93-f1f0ff160761', (SELECT EXTRACT(EPOCH FROM '1900-09-03 06:00:00-06:00'::timestamptz)), 644.9),
    ('7dc31c39-8b3f-43bc-ab93-f1f0ff160761', (SELECT EXTRACT(EPOCH FROM '1900-09-04 06:00:00-06:00'::timestamptz)), 644.87),
    ('7dc31c39-8b3f-43bc-ab93-f1f0ff160761', (SELECT EXTRACT(EPOCH FROM '1900-09-05 06:00:00-06:00'::timestamptz)), 644.84),
    ('7dc31c39-8b3f-43bc-ab93-f1f0ff160761', (SELECT EXTRACT(EPOCH FROM '1900-09-06 06:00:00-06:00'::timestamptz)), 644.8),
    ('7dc31c39-8b3f-43bc-ab93-f1f0ff160761', (SELECT EXTRACT(EPOCH FROM '1900-09-07 06:00:00-06:00'::timestamptz)), 644.77),
    ('7dc31c39-8b3f-43bc-ab93-f1f0ff160761', (SELECT EXTRACT(EPOCH FROM '1900-09-08 06:00:00-06:00'::timestamptz)), 644.74),
    ('7dc31c39-8b3f-43bc-ab93-f1f0ff160761', (SELECT EXTRACT(EPOCH FROM '1900-09-09 06:00:00-06:00'::timestamptz)), 644.7),
    ('7dc31c39-8b3f-43bc-ab93-f1f0ff160761', (SELECT EXTRACT(EPOCH FROM '1900-09-10 06:00:00-06:00'::timestamptz)), 644.67),
    ('7dc31c39-8b3f-43bc-ab93-f1f0ff160761', (SELECT EXTRACT(EPOCH FROM '1900-09-11 06:00:00-06:00'::timestamptz)), 644.64),
    ('7dc31c39-8b3f-43bc-ab93-f1f0ff160761', (SELECT EXTRACT(EPOCH FROM '1900-09-12 06:00:00-06:00'::timestamptz)), 644.61),
    ('7dc31c39-8b3f-43bc-ab93-f1f0ff160761', (SELECT EXTRACT(EPOCH FROM '1900-09-13 06:00:00-06:00'::timestamptz)), 644.57),
    ('7dc31c39-8b3f-43bc-ab93-f1f0ff160761', (SELECT EXTRACT(EPOCH FROM '1900-09-14 06:00:00-06:00'::timestamptz)), 644.54),
    ('7dc31c39-8b3f-43bc-ab93-f1f0ff160761', (SELECT EXTRACT(EPOCH FROM '1900-09-15 06:00:00-06:00'::timestamptz)), 644.51),
    ('7dc31c39-8b3f-43bc-ab93-f1f0ff160761', (SELECT EXTRACT(EPOCH FROM '1900-09-16 06:00:00-06:00'::timestamptz)), 644.48),
    ('7dc31c39-8b3f-43bc-ab93-f1f0ff160761', (SELECT EXTRACT(EPOCH FROM '1900-09-17 06:00:00-06:00'::timestamptz)), 644.44),
    ('7dc31c39-8b3f-43bc-ab93-f1f0ff160761', (SELECT EXTRACT(EPOCH FROM '1900-09-18 06:00:00-06:00'::timestamptz)), 644.41),
    ('7dc31c39-8b3f-43bc-ab93-f1f0ff160761', (SELECT EXTRACT(EPOCH FROM '1900-09-19 06:00:00-06:00'::timestamptz)), 644.38),
    ('7dc31c39-8b3f-43bc-ab93-f1f0ff160761', (SELECT EXTRACT(EPOCH FROM '1900-09-20 06:00:00-06:00'::timestamptz)), 644.34),
    ('7dc31c39-8b3f-43bc-ab93-f1f0ff160761', (SELECT EXTRACT(EPOCH FROM '1900-09-21 06:00:00-06:00'::timestamptz)), 644.31),
    ('7dc31c39-8b3f-43bc-ab93-f1f0ff160761', (SELECT EXTRACT(EPOCH FROM '1900-09-22 06:00:00-06:00'::timestamptz)), 644.28),
    ('7dc31c39-8b3f-43bc-ab93-f1f0ff160761', (SELECT EXTRACT(EPOCH FROM '1900-09-23 06:00:00-06:00'::timestamptz)), 644.25),
    ('7dc31c39-8b3f-43bc-ab93-f1f0ff160761', (SELECT EXTRACT(EPOCH FROM '1900-09-24 06:00:00-06:00'::timestamptz)), 644.21),
    ('7dc31c39-8b3f-43bc-ab93-f1f0ff160761', (SELECT EXTRACT(EPOCH FROM '1900-09-25 06:00:00-06:00'::timestamptz)), 644.18),
    ('7dc31c39-8b3f-43bc-ab93-f1f0ff160761', (SELECT EXTRACT(EPOCH FROM '1900-09-26 06:00:00-06:00'::timestamptz)), 644.15),
    ('7dc31c39-8b3f-43bc-ab93-f1f0ff160761', (SELECT EXTRACT(EPOCH FROM '1900-09-27 06:00:00-06:00'::timestamptz)), 644.11),
    ('7dc31c39-8b3f-43bc-ab93-f1f0ff160761', (SELECT EXTRACT(EPOCH FROM '1900-09-28 06:00:00-06:00'::timestamptz)), 644.08),
    ('7dc31c39-8b3f-43bc-ab93-f1f0ff160761', (SELECT EXTRACT(EPOCH FROM '1900-09-29 06:00:00-06:00'::timestamptz)), 644.05),
    ('7dc31c39-8b3f-43bc-ab93-f1f0ff160761', (SELECT EXTRACT(EPOCH FROM '1900-09-30 06:00:00-06:00'::timestamptz)), 644.02),
    ('7dc31c39-8b3f-43bc-ab93-f1f0ff160761', (SELECT EXTRACT(EPOCH FROM '1900-10-01 06:00:00-06:00'::timestamptz)), 643.98),
    ('7dc31c39-8b3f-43bc-ab93-f1f0ff160761', (SELECT EXTRACT(EPOCH FROM '1900-10-02 06:00:00-06:00'::timestamptz)), 643.95),
    ('7dc31c39-8b3f-43bc-ab93-f1f0ff160761', (SELECT EXTRACT(EPOCH FROM '1900-10-03 06:00:00-06:00'::timestamptz)), 643.92),
    ('7dc31c39-8b3f-43bc-ab93-f1f0ff160761', (SELECT EXTRACT(EPOCH FROM '1900-10-04 06:00:00-06:00'::timestamptz)), 643.88),
    ('7dc31c39-8b3f-43bc-ab93-f1f0ff160761', (SELECT EXTRACT(EPOCH FROM '1900-10-05 06:00:00-06:00'::timestamptz)), 643.85),
    ('7dc31c39-8b3f-43bc-ab93-f1f0ff160761', (SELECT EXTRACT(EPOCH FROM '1900-10-06 06:00:00-06:00'::timestamptz)), 643.82),
    ('7dc31c39-8b3f-43bc-ab93-f1f0ff160761', (SELECT EXTRACT(EPOCH FROM '1900-10-07 06:00:00-06:00'::timestamptz)), 643.79),
    ('7dc31c39-8b3f-43bc-ab93-f1f0ff160761', (SELECT EXTRACT(EPOCH FROM '1900-10-08 06:00:00-06:00'::timestamptz)), 643.75),
    ('7dc31c39-8b3f-43bc-ab93-f1f0ff160761', (SELECT EXTRACT(EPOCH FROM '1900-10-09 06:00:00-06:00'::timestamptz)), 643.72),
    ('7dc31c39-8b3f-43bc-ab93-f1f0ff160761', (SELECT EXTRACT(EPOCH FROM '1900-10-10 06:00:00-06:00'::timestamptz)), 643.69),
    ('7dc31c39-8b3f-43bc-ab93-f1f0ff160761', (SELECT EXTRACT(EPOCH FROM '1900-10-11 06:00:00-06:00'::timestamptz)), 643.66),
    ('7dc31c39-8b3f-43bc-ab93-f1f0ff160761', (SELECT EXTRACT(EPOCH FROM '1900-10-12 06:00:00-06:00'::timestamptz)), 643.62),
    ('7dc31c39-8b3f-43bc-ab93-f1f0ff160761', (SELECT EXTRACT(EPOCH FROM '1900-10-13 06:00:00-06:00'::timestamptz)), 643.59),
    ('7dc31c39-8b3f-43bc-ab93-f1f0ff160761', (SELECT EXTRACT(EPOCH FROM '1900-10-14 06:00:00-06:00'::timestamptz)), 643.56),
    ('7dc31c39-8b3f-43bc-ab93-f1f0ff160761', (SELECT EXTRACT(EPOCH FROM '1900-10-15 06:00:00-06:00'::timestamptz)), 643.52),
    ('7dc31c39-8b3f-43bc-ab93-f1f0ff160761', (SELECT EXTRACT(EPOCH FROM '1900-10-16 06:00:00-06:00'::timestamptz)), 643.49),
    ('7dc31c39-8b3f-43bc-ab93-f1f0ff160761', (SELECT EXTRACT(EPOCH FROM '1900-10-17 06:00:00-06:00'::timestamptz)), 643.46),
    ('7dc31c39-8b3f-43bc-ab93-f1f0ff160761', (SELECT EXTRACT(EPOCH FROM '1900-10-18 06:00:00-06:00'::timestamptz)), 643.43),
    ('7dc31c39-8b3f-43bc-ab93-f1f0ff160761', (SELECT EXTRACT(EPOCH FROM '1900-10-19 06:00:00-06:00'::timestamptz)), 643.39),
    ('7dc31c39-8b3f-43bc-ab93-f1f0ff160761', (SELECT EXTRACT(EPOCH FROM '1900-10-20 06:00:00-06:00'::timestamptz)), 643.36),
    ('7dc31c39-8b3f-43bc-ab93-f1f0ff160761', (SELECT EXTRACT(EPOCH FROM '1900-10-21 06:00:00-06:00'::timestamptz)), 643.33),
    ('7dc31c39-8b3f-43bc-ab93-f1f0ff160761', (SELECT EXTRACT(EPOCH FROM '1900-10-22 06:00:00-06:00'::timestamptz)), 643.29),
    ('7dc31c39-8b3f-43bc-ab93-f1f0ff160761', (SELECT EXTRACT(EPOCH FROM '1900-10-23 06:00:00-06:00'::timestamptz)), 643.26),
    ('7dc31c39-8b3f-43bc-ab93-f1f0ff160761', (SELECT EXTRACT(EPOCH FROM '1900-10-24 06:00:00-06:00'::timestamptz)), 643.23),
    ('7dc31c39-8b3f-43bc-ab93-f1f0ff160761', (SELECT EXTRACT(EPOCH FROM '1900-10-25 06:00:00-06:00'::timestamptz)), 643.2),
    ('7dc31c39-8b3f-43bc-ab93-f1f0ff160761', (SELECT EXTRACT(EPOCH FROM '1900-10-26 06:00:00-06:00'::timestamptz)), 643.16),
    ('7dc31c39-8b3f-43bc-ab93-f1f0ff160761', (SELECT EXTRACT(EPOCH FROM '1900-10-27 06:00:00-06:00'::timestamptz)), 643.13),
    ('7dc31c39-8b3f-43bc-ab93-f1f0ff160761', (SELECT EXTRACT(EPOCH FROM '1900-10-28 06:00:00-06:00'::timestamptz)), 643.1),
    ('7dc31c39-8b3f-43bc-ab93-f1f0ff160761', (SELECT EXTRACT(EPOCH FROM '1900-10-29 06:00:00-06:00'::timestamptz)), 643.06),
    ('7dc31c39-8b3f-43bc-ab93-f1f0ff160761', (SELECT EXTRACT(EPOCH FROM '1900-10-30 06:00:00-06:00'::timestamptz)), 643.03),
    ('7dc31c39-8b3f-43bc-ab93-f1f0ff160761', (SELECT EXTRACT(EPOCH FROM '1900-10-31 06:00:00-06:00'::timestamptz)), 643.0),
    ('7dc31c39-8b3f-43bc-ab93-f1f0ff160761', (SELECT EXTRACT(EPOCH FROM '1900-11-01 06:00:00-06:00'::timestamptz)), 642.97),
    ('7dc31c39-8b3f-43bc-ab93-f1f0ff160761', (SELECT EXTRACT(EPOCH FROM '1900-11-02 06:00:00-06:00'::timestamptz)), 642.93),
    ('7dc31c39-8b3f-43bc-ab93-f1f0ff160761', (SELECT EXTRACT(EPOCH FROM '1900-11-03 06:00:00-06:00'::timestamptz)), 642.9),
    ('7dc31c39-8b3f-43bc-ab93-f1f0ff160761', (SELECT EXTRACT(EPOCH FROM '1900-11-04 06:00:00-06:00'::timestamptz)), 642.87),
    ('7dc31c39-8b3f-43bc-ab93-f1f0ff160761', (SELECT EXTRACT(EPOCH FROM '1900-11-05 06:00:00-06:00'::timestamptz)), 642.84),
    ('7dc31c39-8b3f-43bc-ab93-f1f0ff160761', (SELECT EXTRACT(EPOCH FROM '1900-11-06 06:00:00-06:00'::timestamptz)), 642.8),
    ('7dc31c39-8b3f-43bc-ab93-f1f0ff160761', (SELECT EXTRACT(EPOCH FROM '1900-11-07 06:00:00-06:00'::timestamptz)), 642.77),
    ('7dc31c39-8b3f-43bc-ab93-f1f0ff160761', (SELECT EXTRACT(EPOCH FROM '1900-11-08 06:00:00-06:00'::timestamptz)), 642.74),
    ('7dc31c39-8b3f-43bc-ab93-f1f0ff160761', (SELECT EXTRACT(EPOCH FROM '1900-11-09 06:00:00-06:00'::timestamptz)), 642.7),
    ('7dc31c39-8b3f-43bc-ab93-f1f0ff160761', (SELECT EXTRACT(EPOCH FROM '1900-11-10 06:00:00-06:00'::timestamptz)), 642.67),
    ('7dc31c39-8b3f-43bc-ab93-f1f0ff160761', (SELECT EXTRACT(EPOCH FROM '1900-11-11 06:00:00-06:00'::timestamptz)), 642.64),
    ('7dc31c39-8b3f-43bc-ab93-f1f0ff160761', (SELECT EXTRACT(EPOCH FROM '1900-11-12 06:00:00-06:00'::timestamptz)), 642.61),
    ('7dc31c39-8b3f-43bc-ab93-f1f0ff160761', (SELECT EXTRACT(EPOCH FROM '1900-11-13 06:00:00-06:00'::timestamptz)), 642.57),
    ('7dc31c39-8b3f-43bc-ab93-f1f0ff160761', (SELECT EXTRACT(EPOCH FROM '1900-11-14 06:00:00-06:00'::timestamptz)), 642.54),
    ('7dc31c39-8b3f-43bc-ab93-f1f0ff160761', (SELECT EXTRACT(EPOCH FROM '1900-11-15 06:00:00-06:00'::timestamptz)), 642.51),
    ('7dc31c39-8b3f-43bc-ab93-f1f0ff160761', (SELECT EXTRACT(EPOCH FROM '1900-11-16 06:00:00-06:00'::timestamptz)), 642.47),
    ('7dc31c39-8b3f-43bc-ab93-f1f0ff160761', (SELECT EXTRACT(EPOCH FROM '1900-11-17 06:00:00-06:00'::timestamptz)), 642.44),
    ('7dc31c39-8b3f-43bc-ab93-f1f0ff160761', (SELECT EXTRACT(EPOCH FROM '1900-11-18 06:00:00-06:00'::timestamptz)), 642.41),
    ('7dc31c39-8b3f-43bc-ab93-f1f0ff160761', (SELECT EXTRACT(EPOCH FROM '1900-11-19 06:00:00-06:00'::timestamptz)), 642.38),
    ('7dc31c39-8b3f-43bc-ab93-f1f0ff160761', (SELECT EXTRACT(EPOCH FROM '1900-11-20 06:00:00-06:00'::timestamptz)), 642.34),
    ('7dc31c39-8b3f-43bc-ab93-f1f0ff160761', (SELECT EXTRACT(EPOCH FROM '1900-11-21 06:00:00-06:00'::timestamptz)), 642.31),
    ('7dc31c39-8b3f-43bc-ab93-f1f0ff160761', (SELECT EXTRACT(EPOCH FROM '1900-11-22 06:00:00-06:00'::timestamptz)), 642.28),
    ('7dc31c39-8b3f-43bc-ab93-f1f0ff160761', (SELECT EXTRACT(EPOCH FROM '1900-11-23 06:00:00-06:00'::timestamptz)), 642.24),
    ('7dc31c39-8b3f-43bc-ab93-f1f0ff160761', (SELECT EXTRACT(EPOCH FROM '1900-11-24 06:00:00-06:00'::timestamptz)), 642.21),
    ('7dc31c39-8b3f-43bc-ab93-f1f0ff160761', (SELECT EXTRACT(EPOCH FROM '1900-11-25 06:00:00-06:00'::timestamptz)), 642.18),
    ('7dc31c39-8b3f-43bc-ab93-f1f0ff160761', (SELECT EXTRACT(EPOCH FROM '1900-11-26 06:00:00-06:00'::timestamptz)), 642.15),
    ('7dc31c39-8b3f-43bc-ab93-f1f0ff160761', (SELECT EXTRACT(EPOCH FROM '1900-11-27 06:00:00-06:00'::timestamptz)), 642.11),
    ('7dc31c39-8b3f-43bc-ab93-f1f0ff160761', (SELECT EXTRACT(EPOCH FROM '1900-11-28 06:00:00-06:00'::timestamptz)), 642.08),
    ('7dc31c39-8b3f-43bc-ab93-f1f0ff160761', (SELECT EXTRACT(EPOCH FROM '1900-11-29 06:00:00-06:00'::timestamptz)), 642.05),
    ('7dc31c39-8b3f-43bc-ab93-f1f0ff160761', (SELECT EXTRACT(EPOCH FROM '1900-11-30 06:00:00-06:00'::timestamptz)), 642.02),
    ('7dc31c39-8b3f-43bc-ab93-f1f0ff160761', (SELECT EXTRACT(EPOCH FROM '1900-12-01 06:00:00-06:00'::timestamptz)), 641.98),
    ('7dc31c39-8b3f-43bc-ab93-f1f0ff160761', (SELECT EXTRACT(EPOCH FROM '1900-12-02 06:00:00-06:00'::timestamptz)), 641.95),
    ('7dc31c39-8b3f-43bc-ab93-f1f0ff160761', (SELECT EXTRACT(EPOCH FROM '1900-12-03 06:00:00-06:00'::timestamptz)), 641.92),
    ('7dc31c39-8b3f-43bc-ab93-f1f0ff160761', (SELECT EXTRACT(EPOCH FROM '1900-12-04 06:00:00-06:00'::timestamptz)), 641.88),
    ('7dc31c39-8b3f-43bc-ab93-f1f0ff160761', (SELECT EXTRACT(EPOCH FROM '1900-12-05 06:00:00-06:00'::timestamptz)), 641.85),
    ('7dc31c39-8b3f-43bc-ab93-f1f0ff160761', (SELECT EXTRACT(EPOCH FROM '1900-12-06 06:00:00-06:00'::timestamptz)), 641.82),
    ('7dc31c39-8b3f-43bc-ab93-f1f0ff160761', (SELECT EXTRACT(EPOCH FROM '1900-12-07 06:00:00-06:00'::timestamptz)), 641.79),
    ('7dc31c39-8b3f-43bc-ab93-f1f0ff160761', (SELECT EXTRACT(EPOCH FROM '1900-12-08 06:00:00-06:00'::timestamptz)), 641.75),
    ('7dc31c39-8b3f-43bc-ab93-f1f0ff160761', (SELECT EXTRACT(EPOCH FROM '1900-12-09 06:00:00-06:00'::timestamptz)), 641.72),
    ('7dc31c39-8b3f-43bc-ab93-f1f0ff160761', (SELECT EXTRACT(EPOCH FROM '1900-12-10 06:00:00-06:00'::timestamptz)), 641.69),
    ('7dc31c39-8b3f-43bc-ab93-f1f0ff160761', (SELECT EXTRACT(EPOCH FROM '1900-12-11 06:00:00-06:00'::timestamptz)), 641.65),
    ('7dc31c39-8b3f-43bc-ab93-f1f0ff160761', (SELECT EXTRACT(EPOCH FROM '1900-12-12 06:00:00-06:00'::timestamptz)), 641.62),
    ('7dc31c39-8b3f-43bc-ab93-f1f0ff160761', (SELECT EXTRACT(EPOCH FROM '1900-12-13 06:00:00-06:00'::timestamptz)), 641.59),
    ('7dc31c39-8b3f-43bc-ab93-f1f0ff160761', (SELECT EXTRACT(EPOCH FROM '1900-12-14 06:00:00-06:00'::timestamptz)), 641.56),
    ('7dc31c39-8b3f-43bc-ab93-f1f0ff160761', (SELECT EXTRACT(EPOCH FROM '1900-12-15 06:00:00-06:00'::timestamptz)), 641.52),
    ('7dc31c39-8b3f-43bc-ab93-f1f0ff160761', (SELECT EXTRACT(EPOCH FROM '1900-12-16 06:00:00-06:00'::timestamptz)), 641.49),
    ('7dc31c39-8b3f-43bc-ab93-f1f0ff160761', (SELECT EXTRACT(EPOCH FROM '1900-12-17 06:00:00-06:00'::timestamptz)), 641.46),
    ('7dc31c39-8b3f-43bc-ab93-f1f0ff160761', (SELECT EXTRACT(EPOCH FROM '1900-12-18 06:00:00-06:00'::timestamptz)), 641.42),
    ('7dc31c39-8b3f-43bc-ab93-f1f0ff160761', (SELECT EXTRACT(EPOCH FROM '1900-12-19 06:00:00-06:00'::timestamptz)), 641.39),
    ('7dc31c39-8b3f-43bc-ab93-f1f0ff160761', (SELECT EXTRACT(EPOCH FROM '1900-12-20 06:00:00-06:00'::timestamptz)), 641.36),
    ('7dc31c39-8b3f-43bc-ab93-f1f0ff160761', (SELECT EXTRACT(EPOCH FROM '1900-12-21 06:00:00-06:00'::timestamptz)), 641.33),
    ('7dc31c39-8b3f-43bc-ab93-f1f0ff160761', (SELECT EXTRACT(EPOCH FROM '1900-12-22 06:00:00-06:00'::timestamptz)), 641.29),
    ('7dc31c39-8b3f-43bc-ab93-f1f0ff160761', (SELECT EXTRACT(EPOCH FROM '1900-12-23 06:00:00-06:00'::timestamptz)), 641.26),
    ('7dc31c39-8b3f-43bc-ab93-f1f0ff160761', (SELECT EXTRACT(EPOCH FROM '1900-12-24 06:00:00-06:00'::timestamptz)), 641.23),
    ('7dc31c39-8b3f-43bc-ab93-f1f0ff160761', (SELECT EXTRACT(EPOCH FROM '1900-12-25 06:00:00-06:00'::timestamptz)), 641.2),
    ('7dc31c39-8b3f-43bc-ab93-f1f0ff160761', (SELECT EXTRACT(EPOCH FROM '1900-12-26 06:00:00-06:00'::timestamptz)), 641.16),
    ('7dc31c39-8b3f-43bc-ab93-f1f0ff160761', (SELECT EXTRACT(EPOCH FROM '1900-12-27 06:00:00-06:00'::timestamptz)), 641.13),
    ('7dc31c39-8b3f-43bc-ab93-f1f0ff160761', (SELECT EXTRACT(EPOCH FROM '1900-12-28 06:00:00-06:00'::timestamptz)), 641.1),
    ('7dc31c39-8b3f-43bc-ab93-f1f0ff160761', (SELECT EXTRACT(EPOCH FROM '1900-12-29 06:00:00-06:00'::timestamptz)), 641.06),
    ('7dc31c39-8b3f-43bc-ab93-f1f0ff160761', (SELECT EXTRACT(EPOCH FROM '1900-12-30 06:00:00-06:00'::timestamptz)), 641.03),
    ('7dc31c39-8b3f-43bc-ab93-f1f0ff160761', (SELECT EXTRACT(EPOCH FROM '1900-12-31 06:00:00-06:00'::timestamptz)), 641.0),
    ('7dc31c39-8b3f-43bc-ab93-f1f0ff160761', (SELECT EXTRACT(EPOCH FROM '1901-01-01 06:00:00-06:00'::timestamptz)), 641.0),
    ('25bf57cb-cd66-4377-9ed8-16490111b226', (SELECT EXTRACT(EPOCH FROM '1900-01-01 06:00:00-06:00'::timestamptz)), 635.13), -- Bottom of SEPA Power
    ('25bf57cb-cd66-4377-9ed8-16490111b226', (SELECT EXTRACT(EPOCH FROM '1900-01-02 06:00:00-06:00'::timestamptz)), 635.26),
    ('25bf57cb-cd66-4377-9ed8-16490111b226', (SELECT EXTRACT(EPOCH FROM '1900-01-03 06:00:00-06:00'::timestamptz)), 635.39),
    ('25bf57cb-cd66-4377-9ed8-16490111b226', (SELECT EXTRACT(EPOCH FROM '1900-01-04 06:00:00-06:00'::timestamptz)), 635.51),
    ('25bf57cb-cd66-4377-9ed8-16490111b226', (SELECT EXTRACT(EPOCH FROM '1900-01-05 06:00:00-06:00'::timestamptz)), 635.64),
    ('25bf57cb-cd66-4377-9ed8-16490111b226', (SELECT EXTRACT(EPOCH FROM '1900-01-06 06:00:00-06:00'::timestamptz)), 635.77),
    ('25bf57cb-cd66-4377-9ed8-16490111b226', (SELECT EXTRACT(EPOCH FROM '1900-01-07 06:00:00-06:00'::timestamptz)), 635.9),
    ('25bf57cb-cd66-4377-9ed8-16490111b226', (SELECT EXTRACT(EPOCH FROM '1900-01-08 06:00:00-06:00'::timestamptz)), 636.03),
    ('25bf57cb-cd66-4377-9ed8-16490111b226', (SELECT EXTRACT(EPOCH FROM '1900-01-09 06:00:00-06:00'::timestamptz)), 636.16),
    ('25bf57cb-cd66-4377-9ed8-16490111b226', (SELECT EXTRACT(EPOCH FROM '1900-01-10 06:00:00-06:00'::timestamptz)), 636.29),
    ('25bf57cb-cd66-4377-9ed8-16490111b226', (SELECT EXTRACT(EPOCH FROM '1900-01-11 06:00:00-06:00'::timestamptz)), 636.41),
    ('25bf57cb-cd66-4377-9ed8-16490111b226', (SELECT EXTRACT(EPOCH FROM '1900-01-12 06:00:00-06:00'::timestamptz)), 636.54),
    ('25bf57cb-cd66-4377-9ed8-16490111b226', (SELECT EXTRACT(EPOCH FROM '1900-01-13 06:00:00-06:00'::timestamptz)), 636.67),
    ('25bf57cb-cd66-4377-9ed8-16490111b226', (SELECT EXTRACT(EPOCH FROM '1900-01-14 06:00:00-06:00'::timestamptz)), 636.8),
    ('25bf57cb-cd66-4377-9ed8-16490111b226', (SELECT EXTRACT(EPOCH FROM '1900-01-15 06:00:00-06:00'::timestamptz)), 636.93),
    ('25bf57cb-cd66-4377-9ed8-16490111b226', (SELECT EXTRACT(EPOCH FROM '1900-01-16 06:00:00-06:00'::timestamptz)), 637.05),
    ('25bf57cb-cd66-4377-9ed8-16490111b226', (SELECT EXTRACT(EPOCH FROM '1900-01-17 06:00:00-06:00'::timestamptz)), 637.18),
    ('25bf57cb-cd66-4377-9ed8-16490111b226', (SELECT EXTRACT(EPOCH FROM '1900-01-18 06:00:00-06:00'::timestamptz)), 637.3),
    ('25bf57cb-cd66-4377-9ed8-16490111b226', (SELECT EXTRACT(EPOCH FROM '1900-01-19 06:00:00-06:00'::timestamptz)), 637.43),
    ('25bf57cb-cd66-4377-9ed8-16490111b226', (SELECT EXTRACT(EPOCH FROM '1900-01-20 06:00:00-06:00'::timestamptz)), 637.55),
    ('25bf57cb-cd66-4377-9ed8-16490111b226', (SELECT EXTRACT(EPOCH FROM '1900-01-21 06:00:00-06:00'::timestamptz)), 637.68),
    ('25bf57cb-cd66-4377-9ed8-16490111b226', (SELECT EXTRACT(EPOCH FROM '1900-01-22 06:00:00-06:00'::timestamptz)), 637.8),
    ('25bf57cb-cd66-4377-9ed8-16490111b226', (SELECT EXTRACT(EPOCH FROM '1900-01-23 06:00:00-06:00'::timestamptz)), 637.93),
    ('25bf57cb-cd66-4377-9ed8-16490111b226', (SELECT EXTRACT(EPOCH FROM '1900-01-24 06:00:00-06:00'::timestamptz)), 638.05),
    ('25bf57cb-cd66-4377-9ed8-16490111b226', (SELECT EXTRACT(EPOCH FROM '1900-01-25 06:00:00-06:00'::timestamptz)), 638.18),
    ('25bf57cb-cd66-4377-9ed8-16490111b226', (SELECT EXTRACT(EPOCH FROM '1900-01-26 06:00:00-06:00'::timestamptz)), 638.3),
    ('25bf57cb-cd66-4377-9ed8-16490111b226', (SELECT EXTRACT(EPOCH FROM '1900-01-27 06:00:00-06:00'::timestamptz)), 638.43),
    ('25bf57cb-cd66-4377-9ed8-16490111b226', (SELECT EXTRACT(EPOCH FROM '1900-01-28 06:00:00-06:00'::timestamptz)), 638.55),
    ('25bf57cb-cd66-4377-9ed8-16490111b226', (SELECT EXTRACT(EPOCH FROM '1900-01-29 06:00:00-06:00'::timestamptz)), 638.68),
    ('25bf57cb-cd66-4377-9ed8-16490111b226', (SELECT EXTRACT(EPOCH FROM '1900-01-30 06:00:00-06:00'::timestamptz)), 638.8),
    ('25bf57cb-cd66-4377-9ed8-16490111b226', (SELECT EXTRACT(EPOCH FROM '1900-01-31 06:00:00-06:00'::timestamptz)), 638.91),
    ('25bf57cb-cd66-4377-9ed8-16490111b226', (SELECT EXTRACT(EPOCH FROM '1900-02-01 06:00:00-06:00'::timestamptz)), 639.01),
    ('25bf57cb-cd66-4377-9ed8-16490111b226', (SELECT EXTRACT(EPOCH FROM '1900-02-02 06:00:00-06:00'::timestamptz)), 639.12),
    ('25bf57cb-cd66-4377-9ed8-16490111b226', (SELECT EXTRACT(EPOCH FROM '1900-02-03 06:00:00-06:00'::timestamptz)), 639.23),
    ('25bf57cb-cd66-4377-9ed8-16490111b226', (SELECT EXTRACT(EPOCH FROM '1900-02-04 06:00:00-06:00'::timestamptz)), 639.33),
    ('25bf57cb-cd66-4377-9ed8-16490111b226', (SELECT EXTRACT(EPOCH FROM '1900-02-05 06:00:00-06:00'::timestamptz)), 639.44),
    ('25bf57cb-cd66-4377-9ed8-16490111b226', (SELECT EXTRACT(EPOCH FROM '1900-02-06 06:00:00-06:00'::timestamptz)), 639.55),
    ('25bf57cb-cd66-4377-9ed8-16490111b226', (SELECT EXTRACT(EPOCH FROM '1900-02-07 06:00:00-06:00'::timestamptz)), 639.65),
    ('25bf57cb-cd66-4377-9ed8-16490111b226', (SELECT EXTRACT(EPOCH FROM '1900-02-08 06:00:00-06:00'::timestamptz)), 639.76),
    ('25bf57cb-cd66-4377-9ed8-16490111b226', (SELECT EXTRACT(EPOCH FROM '1900-02-09 06:00:00-06:00'::timestamptz)), 639.87),
    ('25bf57cb-cd66-4377-9ed8-16490111b226', (SELECT EXTRACT(EPOCH FROM '1900-02-10 06:00:00-06:00'::timestamptz)), 639.97),
    ('25bf57cb-cd66-4377-9ed8-16490111b226', (SELECT EXTRACT(EPOCH FROM '1900-02-11 06:00:00-06:00'::timestamptz)), 640.08),
    ('25bf57cb-cd66-4377-9ed8-16490111b226', (SELECT EXTRACT(EPOCH FROM '1900-02-12 06:00:00-06:00'::timestamptz)), 640.19),
    ('25bf57cb-cd66-4377-9ed8-16490111b226', (SELECT EXTRACT(EPOCH FROM '1900-02-13 06:00:00-06:00'::timestamptz)), 640.29),
    ('25bf57cb-cd66-4377-9ed8-16490111b226', (SELECT EXTRACT(EPOCH FROM '1900-02-14 06:00:00-06:00'::timestamptz)), 640.4),
    ('25bf57cb-cd66-4377-9ed8-16490111b226', (SELECT EXTRACT(EPOCH FROM '1900-02-15 06:00:00-06:00'::timestamptz)), 640.49),
    ('25bf57cb-cd66-4377-9ed8-16490111b226', (SELECT EXTRACT(EPOCH FROM '1900-02-16 06:00:00-06:00'::timestamptz)), 640.57),
    ('25bf57cb-cd66-4377-9ed8-16490111b226', (SELECT EXTRACT(EPOCH FROM '1900-02-17 06:00:00-06:00'::timestamptz)), 640.66),
    ('25bf57cb-cd66-4377-9ed8-16490111b226', (SELECT EXTRACT(EPOCH FROM '1900-02-18 06:00:00-06:00'::timestamptz)), 640.74),
    ('25bf57cb-cd66-4377-9ed8-16490111b226', (SELECT EXTRACT(EPOCH FROM '1900-02-19 06:00:00-06:00'::timestamptz)), 640.83),
    ('25bf57cb-cd66-4377-9ed8-16490111b226', (SELECT EXTRACT(EPOCH FROM '1900-02-20 06:00:00-06:00'::timestamptz)), 640.91),
    ('25bf57cb-cd66-4377-9ed8-16490111b226', (SELECT EXTRACT(EPOCH FROM '1900-02-21 06:00:00-06:00'::timestamptz)), 641.0),
    ('25bf57cb-cd66-4377-9ed8-16490111b226', (SELECT EXTRACT(EPOCH FROM '1900-02-22 06:00:00-06:00'::timestamptz)), 641.09),
    ('25bf57cb-cd66-4377-9ed8-16490111b226', (SELECT EXTRACT(EPOCH FROM '1900-02-23 06:00:00-06:00'::timestamptz)), 641.17),
    ('25bf57cb-cd66-4377-9ed8-16490111b226', (SELECT EXTRACT(EPOCH FROM '1900-02-24 06:00:00-06:00'::timestamptz)), 641.26),
    ('25bf57cb-cd66-4377-9ed8-16490111b226', (SELECT EXTRACT(EPOCH FROM '1900-02-25 06:00:00-06:00'::timestamptz)), 641.34),
    ('25bf57cb-cd66-4377-9ed8-16490111b226', (SELECT EXTRACT(EPOCH FROM '1900-02-26 06:00:00-06:00'::timestamptz)), 641.43),
    ('25bf57cb-cd66-4377-9ed8-16490111b226', (SELECT EXTRACT(EPOCH FROM '1900-02-27 06:00:00-06:00'::timestamptz)), 641.51),
    ('25bf57cb-cd66-4377-9ed8-16490111b226', (SELECT EXTRACT(EPOCH FROM '1900-02-28 06:00:00-06:00'::timestamptz)), 641.6),
    ('25bf57cb-cd66-4377-9ed8-16490111b226', (SELECT EXTRACT(EPOCH FROM '1900-03-01 06:00:00-06:00'::timestamptz)), 641.68),
    ('25bf57cb-cd66-4377-9ed8-16490111b226', (SELECT EXTRACT(EPOCH FROM '1900-03-02 06:00:00-06:00'::timestamptz)), 641.76),
    ('25bf57cb-cd66-4377-9ed8-16490111b226', (SELECT EXTRACT(EPOCH FROM '1900-03-03 06:00:00-06:00'::timestamptz)), 641.84),
    ('25bf57cb-cd66-4377-9ed8-16490111b226', (SELECT EXTRACT(EPOCH FROM '1900-03-04 06:00:00-06:00'::timestamptz)), 641.92),
    ('25bf57cb-cd66-4377-9ed8-16490111b226', (SELECT EXTRACT(EPOCH FROM '1900-03-05 06:00:00-06:00'::timestamptz)), 642.0),
    ('25bf57cb-cd66-4377-9ed8-16490111b226', (SELECT EXTRACT(EPOCH FROM '1900-03-06 06:00:00-06:00'::timestamptz)), 642.08),
    ('25bf57cb-cd66-4377-9ed8-16490111b226', (SELECT EXTRACT(EPOCH FROM '1900-03-07 06:00:00-06:00'::timestamptz)), 642.16),
    ('25bf57cb-cd66-4377-9ed8-16490111b226', (SELECT EXTRACT(EPOCH FROM '1900-03-08 06:00:00-06:00'::timestamptz)), 642.24),
    ('25bf57cb-cd66-4377-9ed8-16490111b226', (SELECT EXTRACT(EPOCH FROM '1900-03-09 06:00:00-06:00'::timestamptz)), 642.32),
    ('25bf57cb-cd66-4377-9ed8-16490111b226', (SELECT EXTRACT(EPOCH FROM '1900-03-10 06:00:00-06:00'::timestamptz)), 642.4),
    ('25bf57cb-cd66-4377-9ed8-16490111b226', (SELECT EXTRACT(EPOCH FROM '1900-03-11 06:00:00-06:00'::timestamptz)), 642.48),
    ('25bf57cb-cd66-4377-9ed8-16490111b226', (SELECT EXTRACT(EPOCH FROM '1900-03-12 06:00:00-06:00'::timestamptz)), 642.56),
    ('25bf57cb-cd66-4377-9ed8-16490111b226', (SELECT EXTRACT(EPOCH FROM '1900-03-13 06:00:00-06:00'::timestamptz)), 642.64),
    ('25bf57cb-cd66-4377-9ed8-16490111b226', (SELECT EXTRACT(EPOCH FROM '1900-03-14 06:00:00-06:00'::timestamptz)), 642.72),
    ('25bf57cb-cd66-4377-9ed8-16490111b226', (SELECT EXTRACT(EPOCH FROM '1900-03-15 06:00:00-06:00'::timestamptz)), 642.8),
    ('25bf57cb-cd66-4377-9ed8-16490111b226', (SELECT EXTRACT(EPOCH FROM '1900-03-16 06:00:00-06:00'::timestamptz)), 642.86),
    ('25bf57cb-cd66-4377-9ed8-16490111b226', (SELECT EXTRACT(EPOCH FROM '1900-03-17 06:00:00-06:00'::timestamptz)), 642.91),
    ('25bf57cb-cd66-4377-9ed8-16490111b226', (SELECT EXTRACT(EPOCH FROM '1900-03-18 06:00:00-06:00'::timestamptz)), 642.97),
    ('25bf57cb-cd66-4377-9ed8-16490111b226', (SELECT EXTRACT(EPOCH FROM '1900-03-19 06:00:00-06:00'::timestamptz)), 643.03),
    ('25bf57cb-cd66-4377-9ed8-16490111b226', (SELECT EXTRACT(EPOCH FROM '1900-03-20 06:00:00-06:00'::timestamptz)), 643.08),
    ('25bf57cb-cd66-4377-9ed8-16490111b226', (SELECT EXTRACT(EPOCH FROM '1900-03-21 06:00:00-06:00'::timestamptz)), 643.14),
    ('25bf57cb-cd66-4377-9ed8-16490111b226', (SELECT EXTRACT(EPOCH FROM '1900-03-22 06:00:00-06:00'::timestamptz)), 643.19),
    ('25bf57cb-cd66-4377-9ed8-16490111b226', (SELECT EXTRACT(EPOCH FROM '1900-03-23 06:00:00-06:00'::timestamptz)), 643.25),
    ('25bf57cb-cd66-4377-9ed8-16490111b226', (SELECT EXTRACT(EPOCH FROM '1900-03-24 06:00:00-06:00'::timestamptz)), 643.31),
    ('25bf57cb-cd66-4377-9ed8-16490111b226', (SELECT EXTRACT(EPOCH FROM '1900-03-25 06:00:00-06:00'::timestamptz)), 643.36),
    ('25bf57cb-cd66-4377-9ed8-16490111b226', (SELECT EXTRACT(EPOCH FROM '1900-03-26 06:00:00-06:00'::timestamptz)), 643.42),
    ('25bf57cb-cd66-4377-9ed8-16490111b226', (SELECT EXTRACT(EPOCH FROM '1900-03-27 06:00:00-06:00'::timestamptz)), 643.48),
    ('25bf57cb-cd66-4377-9ed8-16490111b226', (SELECT EXTRACT(EPOCH FROM '1900-03-28 06:00:00-06:00'::timestamptz)), 643.53),
    ('25bf57cb-cd66-4377-9ed8-16490111b226', (SELECT EXTRACT(EPOCH FROM '1900-03-29 06:00:00-06:00'::timestamptz)), 643.59),
    ('25bf57cb-cd66-4377-9ed8-16490111b226', (SELECT EXTRACT(EPOCH FROM '1900-03-30 06:00:00-06:00'::timestamptz)), 643.64),
    ('25bf57cb-cd66-4377-9ed8-16490111b226', (SELECT EXTRACT(EPOCH FROM '1900-03-31 06:00:00-06:00'::timestamptz)), 643.7),
    ('25bf57cb-cd66-4377-9ed8-16490111b226', (SELECT EXTRACT(EPOCH FROM '1900-04-01 06:00:00-06:00'::timestamptz)), 643.75),
    ('25bf57cb-cd66-4377-9ed8-16490111b226', (SELECT EXTRACT(EPOCH FROM '1900-04-02 06:00:00-06:00'::timestamptz)), 643.79),
    ('25bf57cb-cd66-4377-9ed8-16490111b226', (SELECT EXTRACT(EPOCH FROM '1900-04-03 06:00:00-06:00'::timestamptz)), 643.84),
    ('25bf57cb-cd66-4377-9ed8-16490111b226', (SELECT EXTRACT(EPOCH FROM '1900-04-04 06:00:00-06:00'::timestamptz)), 643.89),
    ('25bf57cb-cd66-4377-9ed8-16490111b226', (SELECT EXTRACT(EPOCH FROM '1900-04-05 06:00:00-06:00'::timestamptz)), 643.93),
    ('25bf57cb-cd66-4377-9ed8-16490111b226', (SELECT EXTRACT(EPOCH FROM '1900-04-06 06:00:00-06:00'::timestamptz)), 643.98),
    ('25bf57cb-cd66-4377-9ed8-16490111b226', (SELECT EXTRACT(EPOCH FROM '1900-04-07 06:00:00-06:00'::timestamptz)), 644.03),
    ('25bf57cb-cd66-4377-9ed8-16490111b226', (SELECT EXTRACT(EPOCH FROM '1900-04-08 06:00:00-06:00'::timestamptz)), 644.07),
    ('25bf57cb-cd66-4377-9ed8-16490111b226', (SELECT EXTRACT(EPOCH FROM '1900-04-09 06:00:00-06:00'::timestamptz)), 644.12),
    ('25bf57cb-cd66-4377-9ed8-16490111b226', (SELECT EXTRACT(EPOCH FROM '1900-04-10 06:00:00-06:00'::timestamptz)), 644.17),
    ('25bf57cb-cd66-4377-9ed8-16490111b226', (SELECT EXTRACT(EPOCH FROM '1900-04-11 06:00:00-06:00'::timestamptz)), 644.21),
    ('25bf57cb-cd66-4377-9ed8-16490111b226', (SELECT EXTRACT(EPOCH FROM '1900-04-12 06:00:00-06:00'::timestamptz)), 644.26),
    ('25bf57cb-cd66-4377-9ed8-16490111b226', (SELECT EXTRACT(EPOCH FROM '1900-04-13 06:00:00-06:00'::timestamptz)), 644.31),
    ('25bf57cb-cd66-4377-9ed8-16490111b226', (SELECT EXTRACT(EPOCH FROM '1900-04-14 06:00:00-06:00'::timestamptz)), 644.35),
    ('25bf57cb-cd66-4377-9ed8-16490111b226', (SELECT EXTRACT(EPOCH FROM '1900-04-15 06:00:00-06:00'::timestamptz)), 644.4),
    ('25bf57cb-cd66-4377-9ed8-16490111b226', (SELECT EXTRACT(EPOCH FROM '1900-04-16 06:00:00-06:00'::timestamptz)), 644.42),
    ('25bf57cb-cd66-4377-9ed8-16490111b226', (SELECT EXTRACT(EPOCH FROM '1900-04-17 06:00:00-06:00'::timestamptz)), 644.44),
    ('25bf57cb-cd66-4377-9ed8-16490111b226', (SELECT EXTRACT(EPOCH FROM '1900-04-18 06:00:00-06:00'::timestamptz)), 644.46),
    ('25bf57cb-cd66-4377-9ed8-16490111b226', (SELECT EXTRACT(EPOCH FROM '1900-04-19 06:00:00-06:00'::timestamptz)), 644.48),
    ('25bf57cb-cd66-4377-9ed8-16490111b226', (SELECT EXTRACT(EPOCH FROM '1900-04-20 06:00:00-06:00'::timestamptz)), 644.5),
    ('25bf57cb-cd66-4377-9ed8-16490111b226', (SELECT EXTRACT(EPOCH FROM '1900-04-21 06:00:00-06:00'::timestamptz)), 644.52),
    ('25bf57cb-cd66-4377-9ed8-16490111b226', (SELECT EXTRACT(EPOCH FROM '1900-04-22 06:00:00-06:00'::timestamptz)), 644.54),
    ('25bf57cb-cd66-4377-9ed8-16490111b226', (SELECT EXTRACT(EPOCH FROM '1900-04-23 06:00:00-06:00'::timestamptz)), 644.56),
    ('25bf57cb-cd66-4377-9ed8-16490111b226', (SELECT EXTRACT(EPOCH FROM '1900-04-24 06:00:00-06:00'::timestamptz)), 644.58),
    ('25bf57cb-cd66-4377-9ed8-16490111b226', (SELECT EXTRACT(EPOCH FROM '1900-04-25 06:00:00-06:00'::timestamptz)), 644.6),
    ('25bf57cb-cd66-4377-9ed8-16490111b226', (SELECT EXTRACT(EPOCH FROM '1900-04-26 06:00:00-06:00'::timestamptz)), 644.62),
    ('25bf57cb-cd66-4377-9ed8-16490111b226', (SELECT EXTRACT(EPOCH FROM '1900-04-27 06:00:00-06:00'::timestamptz)), 644.64),
    ('25bf57cb-cd66-4377-9ed8-16490111b226', (SELECT EXTRACT(EPOCH FROM '1900-04-28 06:00:00-06:00'::timestamptz)), 644.66),
    ('25bf57cb-cd66-4377-9ed8-16490111b226', (SELECT EXTRACT(EPOCH FROM '1900-04-29 06:00:00-06:00'::timestamptz)), 644.68),
    ('25bf57cb-cd66-4377-9ed8-16490111b226', (SELECT EXTRACT(EPOCH FROM '1900-04-30 06:00:00-06:00'::timestamptz)), 644.7),
    ('25bf57cb-cd66-4377-9ed8-16490111b226', (SELECT EXTRACT(EPOCH FROM '1900-05-01 06:00:00-06:00'::timestamptz)), 644.69),
    ('25bf57cb-cd66-4377-9ed8-16490111b226', (SELECT EXTRACT(EPOCH FROM '1900-05-02 06:00:00-06:00'::timestamptz)), 644.69),
    ('25bf57cb-cd66-4377-9ed8-16490111b226', (SELECT EXTRACT(EPOCH FROM '1900-05-03 06:00:00-06:00'::timestamptz)), 644.68),
    ('25bf57cb-cd66-4377-9ed8-16490111b226', (SELECT EXTRACT(EPOCH FROM '1900-05-04 06:00:00-06:00'::timestamptz)), 644.67),
    ('25bf57cb-cd66-4377-9ed8-16490111b226', (SELECT EXTRACT(EPOCH FROM '1900-05-05 06:00:00-06:00'::timestamptz)), 644.67),
    ('25bf57cb-cd66-4377-9ed8-16490111b226', (SELECT EXTRACT(EPOCH FROM '1900-05-06 06:00:00-06:00'::timestamptz)), 644.66),
    ('25bf57cb-cd66-4377-9ed8-16490111b226', (SELECT EXTRACT(EPOCH FROM '1900-05-07 06:00:00-06:00'::timestamptz)), 644.65),
    ('25bf57cb-cd66-4377-9ed8-16490111b226', (SELECT EXTRACT(EPOCH FROM '1900-05-08 06:00:00-06:00'::timestamptz)), 644.65),
    ('25bf57cb-cd66-4377-9ed8-16490111b226', (SELECT EXTRACT(EPOCH FROM '1900-05-09 06:00:00-06:00'::timestamptz)), 644.64),
    ('25bf57cb-cd66-4377-9ed8-16490111b226', (SELECT EXTRACT(EPOCH FROM '1900-05-10 06:00:00-06:00'::timestamptz)), 644.63),
    ('25bf57cb-cd66-4377-9ed8-16490111b226', (SELECT EXTRACT(EPOCH FROM '1900-05-11 06:00:00-06:00'::timestamptz)), 644.63),
    ('25bf57cb-cd66-4377-9ed8-16490111b226', (SELECT EXTRACT(EPOCH FROM '1900-05-12 06:00:00-06:00'::timestamptz)), 644.62),
    ('25bf57cb-cd66-4377-9ed8-16490111b226', (SELECT EXTRACT(EPOCH FROM '1900-05-13 06:00:00-06:00'::timestamptz)), 644.61),
    ('25bf57cb-cd66-4377-9ed8-16490111b226', (SELECT EXTRACT(EPOCH FROM '1900-05-14 06:00:00-06:00'::timestamptz)), 644.61),
    ('25bf57cb-cd66-4377-9ed8-16490111b226', (SELECT EXTRACT(EPOCH FROM '1900-05-15 06:00:00-06:00'::timestamptz)), 644.6),
    ('25bf57cb-cd66-4377-9ed8-16490111b226', (SELECT EXTRACT(EPOCH FROM '1900-05-16 06:00:00-06:00'::timestamptz)), 644.58),
    ('25bf57cb-cd66-4377-9ed8-16490111b226', (SELECT EXTRACT(EPOCH FROM '1900-05-17 06:00:00-06:00'::timestamptz)), 644.56),
    ('25bf57cb-cd66-4377-9ed8-16490111b226', (SELECT EXTRACT(EPOCH FROM '1900-05-18 06:00:00-06:00'::timestamptz)), 644.54),
    ('25bf57cb-cd66-4377-9ed8-16490111b226', (SELECT EXTRACT(EPOCH FROM '1900-05-19 06:00:00-06:00'::timestamptz)), 644.53),
    ('25bf57cb-cd66-4377-9ed8-16490111b226', (SELECT EXTRACT(EPOCH FROM '1900-05-20 06:00:00-06:00'::timestamptz)), 644.51),
    ('25bf57cb-cd66-4377-9ed8-16490111b226', (SELECT EXTRACT(EPOCH FROM '1900-05-21 06:00:00-06:00'::timestamptz)), 644.49),
    ('25bf57cb-cd66-4377-9ed8-16490111b226', (SELECT EXTRACT(EPOCH FROM '1900-05-22 06:00:00-06:00'::timestamptz)), 644.47),
    ('25bf57cb-cd66-4377-9ed8-16490111b226', (SELECT EXTRACT(EPOCH FROM '1900-05-23 06:00:00-06:00'::timestamptz)), 644.45),
    ('25bf57cb-cd66-4377-9ed8-16490111b226', (SELECT EXTRACT(EPOCH FROM '1900-05-24 06:00:00-06:00'::timestamptz)), 644.43),
    ('25bf57cb-cd66-4377-9ed8-16490111b226', (SELECT EXTRACT(EPOCH FROM '1900-05-25 06:00:00-06:00'::timestamptz)), 644.41),
    ('25bf57cb-cd66-4377-9ed8-16490111b226', (SELECT EXTRACT(EPOCH FROM '1900-05-26 06:00:00-06:00'::timestamptz)), 644.39),
    ('25bf57cb-cd66-4377-9ed8-16490111b226', (SELECT EXTRACT(EPOCH FROM '1900-05-27 06:00:00-06:00'::timestamptz)), 644.38),
    ('25bf57cb-cd66-4377-9ed8-16490111b226', (SELECT EXTRACT(EPOCH FROM '1900-05-28 06:00:00-06:00'::timestamptz)), 644.36),
    ('25bf57cb-cd66-4377-9ed8-16490111b226', (SELECT EXTRACT(EPOCH FROM '1900-05-29 06:00:00-06:00'::timestamptz)), 644.34),
    ('25bf57cb-cd66-4377-9ed8-16490111b226', (SELECT EXTRACT(EPOCH FROM '1900-05-30 06:00:00-06:00'::timestamptz)), 644.32),
    ('25bf57cb-cd66-4377-9ed8-16490111b226', (SELECT EXTRACT(EPOCH FROM '1900-05-31 06:00:00-06:00'::timestamptz)), 644.3),
    ('25bf57cb-cd66-4377-9ed8-16490111b226', (SELECT EXTRACT(EPOCH FROM '1900-06-01 06:00:00-06:00'::timestamptz)), 644.27),
    ('25bf57cb-cd66-4377-9ed8-16490111b226', (SELECT EXTRACT(EPOCH FROM '1900-06-02 06:00:00-06:00'::timestamptz)), 644.23),
    ('25bf57cb-cd66-4377-9ed8-16490111b226', (SELECT EXTRACT(EPOCH FROM '1900-06-03 06:00:00-06:00'::timestamptz)), 644.2),
    ('25bf57cb-cd66-4377-9ed8-16490111b226', (SELECT EXTRACT(EPOCH FROM '1900-06-04 06:00:00-06:00'::timestamptz)), 644.17),
    ('25bf57cb-cd66-4377-9ed8-16490111b226', (SELECT EXTRACT(EPOCH FROM '1900-06-05 06:00:00-06:00'::timestamptz)), 644.13),
    ('25bf57cb-cd66-4377-9ed8-16490111b226', (SELECT EXTRACT(EPOCH FROM '1900-06-06 06:00:00-06:00'::timestamptz)), 644.1),
    ('25bf57cb-cd66-4377-9ed8-16490111b226', (SELECT EXTRACT(EPOCH FROM '1900-06-07 06:00:00-06:00'::timestamptz)), 644.07),
    ('25bf57cb-cd66-4377-9ed8-16490111b226', (SELECT EXTRACT(EPOCH FROM '1900-06-08 06:00:00-06:00'::timestamptz)), 644.03),
    ('25bf57cb-cd66-4377-9ed8-16490111b226', (SELECT EXTRACT(EPOCH FROM '1900-06-09 06:00:00-06:00'::timestamptz)), 644.0),
    ('25bf57cb-cd66-4377-9ed8-16490111b226', (SELECT EXTRACT(EPOCH FROM '1900-06-10 06:00:00-06:00'::timestamptz)), 643.97),
    ('25bf57cb-cd66-4377-9ed8-16490111b226', (SELECT EXTRACT(EPOCH FROM '1900-06-11 06:00:00-06:00'::timestamptz)), 643.93),
    ('25bf57cb-cd66-4377-9ed8-16490111b226', (SELECT EXTRACT(EPOCH FROM '1900-06-12 06:00:00-06:00'::timestamptz)), 643.9),
    ('25bf57cb-cd66-4377-9ed8-16490111b226', (SELECT EXTRACT(EPOCH FROM '1900-06-13 06:00:00-06:00'::timestamptz)), 643.87),
    ('25bf57cb-cd66-4377-9ed8-16490111b226', (SELECT EXTRACT(EPOCH FROM '1900-06-14 06:00:00-06:00'::timestamptz)), 643.83),
    ('25bf57cb-cd66-4377-9ed8-16490111b226', (SELECT EXTRACT(EPOCH FROM '1900-06-15 06:00:00-06:00'::timestamptz)), 643.8),
    ('25bf57cb-cd66-4377-9ed8-16490111b226', (SELECT EXTRACT(EPOCH FROM '1900-06-16 06:00:00-06:00'::timestamptz)), 643.75),
    ('25bf57cb-cd66-4377-9ed8-16490111b226', (SELECT EXTRACT(EPOCH FROM '1900-06-17 06:00:00-06:00'::timestamptz)), 643.69),
    ('25bf57cb-cd66-4377-9ed8-16490111b226', (SELECT EXTRACT(EPOCH FROM '1900-06-18 06:00:00-06:00'::timestamptz)), 643.64),
    ('25bf57cb-cd66-4377-9ed8-16490111b226', (SELECT EXTRACT(EPOCH FROM '1900-06-19 06:00:00-06:00'::timestamptz)), 643.59),
    ('25bf57cb-cd66-4377-9ed8-16490111b226', (SELECT EXTRACT(EPOCH FROM '1900-06-20 06:00:00-06:00'::timestamptz)), 643.53),
    ('25bf57cb-cd66-4377-9ed8-16490111b226', (SELECT EXTRACT(EPOCH FROM '1900-06-21 06:00:00-06:00'::timestamptz)), 643.48),
    ('25bf57cb-cd66-4377-9ed8-16490111b226', (SELECT EXTRACT(EPOCH FROM '1900-06-22 06:00:00-06:00'::timestamptz)), 643.43),
    ('25bf57cb-cd66-4377-9ed8-16490111b226', (SELECT EXTRACT(EPOCH FROM '1900-06-23 06:00:00-06:00'::timestamptz)), 643.37),
    ('25bf57cb-cd66-4377-9ed8-16490111b226', (SELECT EXTRACT(EPOCH FROM '1900-06-24 06:00:00-06:00'::timestamptz)), 643.32),
    ('25bf57cb-cd66-4377-9ed8-16490111b226', (SELECT EXTRACT(EPOCH FROM '1900-06-25 06:00:00-06:00'::timestamptz)), 643.27),
    ('25bf57cb-cd66-4377-9ed8-16490111b226', (SELECT EXTRACT(EPOCH FROM '1900-06-26 06:00:00-06:00'::timestamptz)), 643.21),
    ('25bf57cb-cd66-4377-9ed8-16490111b226', (SELECT EXTRACT(EPOCH FROM '1900-06-27 06:00:00-06:00'::timestamptz)), 643.16),
    ('25bf57cb-cd66-4377-9ed8-16490111b226', (SELECT EXTRACT(EPOCH FROM '1900-06-28 06:00:00-06:00'::timestamptz)), 643.11),
    ('25bf57cb-cd66-4377-9ed8-16490111b226', (SELECT EXTRACT(EPOCH FROM '1900-06-29 06:00:00-06:00'::timestamptz)), 643.05),
    ('25bf57cb-cd66-4377-9ed8-16490111b226', (SELECT EXTRACT(EPOCH FROM '1900-06-30 06:00:00-06:00'::timestamptz)), 643.0),
    ('25bf57cb-cd66-4377-9ed8-16490111b226', (SELECT EXTRACT(EPOCH FROM '1900-07-01 06:00:00-06:00'::timestamptz)), 642.95),
    ('25bf57cb-cd66-4377-9ed8-16490111b226', (SELECT EXTRACT(EPOCH FROM '1900-07-02 06:00:00-06:00'::timestamptz)), 642.91),
    ('25bf57cb-cd66-4377-9ed8-16490111b226', (SELECT EXTRACT(EPOCH FROM '1900-07-03 06:00:00-06:00'::timestamptz)), 642.86),
    ('25bf57cb-cd66-4377-9ed8-16490111b226', (SELECT EXTRACT(EPOCH FROM '1900-07-04 06:00:00-06:00'::timestamptz)), 642.81),
    ('25bf57cb-cd66-4377-9ed8-16490111b226', (SELECT EXTRACT(EPOCH FROM '1900-07-05 06:00:00-06:00'::timestamptz)), 642.77),
    ('25bf57cb-cd66-4377-9ed8-16490111b226', (SELECT EXTRACT(EPOCH FROM '1900-07-06 06:00:00-06:00'::timestamptz)), 642.72),
    ('25bf57cb-cd66-4377-9ed8-16490111b226', (SELECT EXTRACT(EPOCH FROM '1900-07-07 06:00:00-06:00'::timestamptz)), 642.67),
    ('25bf57cb-cd66-4377-9ed8-16490111b226', (SELECT EXTRACT(EPOCH FROM '1900-07-08 06:00:00-06:00'::timestamptz)), 642.63),
    ('25bf57cb-cd66-4377-9ed8-16490111b226', (SELECT EXTRACT(EPOCH FROM '1900-07-09 06:00:00-06:00'::timestamptz)), 642.58),
    ('25bf57cb-cd66-4377-9ed8-16490111b226', (SELECT EXTRACT(EPOCH FROM '1900-07-10 06:00:00-06:00'::timestamptz)), 642.53),
    ('25bf57cb-cd66-4377-9ed8-16490111b226', (SELECT EXTRACT(EPOCH FROM '1900-07-11 06:00:00-06:00'::timestamptz)), 642.49),
    ('25bf57cb-cd66-4377-9ed8-16490111b226', (SELECT EXTRACT(EPOCH FROM '1900-07-12 06:00:00-06:00'::timestamptz)), 642.44),
    ('25bf57cb-cd66-4377-9ed8-16490111b226', (SELECT EXTRACT(EPOCH FROM '1900-07-13 06:00:00-06:00'::timestamptz)), 642.39),
    ('25bf57cb-cd66-4377-9ed8-16490111b226', (SELECT EXTRACT(EPOCH FROM '1900-07-14 06:00:00-06:00'::timestamptz)), 642.35),
    ('25bf57cb-cd66-4377-9ed8-16490111b226', (SELECT EXTRACT(EPOCH FROM '1900-07-15 06:00:00-06:00'::timestamptz)), 642.3),
    ('25bf57cb-cd66-4377-9ed8-16490111b226', (SELECT EXTRACT(EPOCH FROM '1900-07-16 06:00:00-06:00'::timestamptz)), 642.26),
    ('25bf57cb-cd66-4377-9ed8-16490111b226', (SELECT EXTRACT(EPOCH FROM '1900-07-17 06:00:00-06:00'::timestamptz)), 642.23),
    ('25bf57cb-cd66-4377-9ed8-16490111b226', (SELECT EXTRACT(EPOCH FROM '1900-07-18 06:00:00-06:00'::timestamptz)), 642.19),
    ('25bf57cb-cd66-4377-9ed8-16490111b226', (SELECT EXTRACT(EPOCH FROM '1900-07-19 06:00:00-06:00'::timestamptz)), 642.15),
    ('25bf57cb-cd66-4377-9ed8-16490111b226', (SELECT EXTRACT(EPOCH FROM '1900-07-20 06:00:00-06:00'::timestamptz)), 642.11),
    ('25bf57cb-cd66-4377-9ed8-16490111b226', (SELECT EXTRACT(EPOCH FROM '1900-07-21 06:00:00-06:00'::timestamptz)), 642.08),
    ('25bf57cb-cd66-4377-9ed8-16490111b226', (SELECT EXTRACT(EPOCH FROM '1900-07-22 06:00:00-06:00'::timestamptz)), 642.04),
    ('25bf57cb-cd66-4377-9ed8-16490111b226', (SELECT EXTRACT(EPOCH FROM '1900-07-23 06:00:00-06:00'::timestamptz)), 642.0),
    ('25bf57cb-cd66-4377-9ed8-16490111b226', (SELECT EXTRACT(EPOCH FROM '1900-07-24 06:00:00-06:00'::timestamptz)), 641.96),
    ('25bf57cb-cd66-4377-9ed8-16490111b226', (SELECT EXTRACT(EPOCH FROM '1900-07-25 06:00:00-06:00'::timestamptz)), 641.93),
    ('25bf57cb-cd66-4377-9ed8-16490111b226', (SELECT EXTRACT(EPOCH FROM '1900-07-26 06:00:00-06:00'::timestamptz)), 641.89),
    ('25bf57cb-cd66-4377-9ed8-16490111b226', (SELECT EXTRACT(EPOCH FROM '1900-07-27 06:00:00-06:00'::timestamptz)), 641.85),
    ('25bf57cb-cd66-4377-9ed8-16490111b226', (SELECT EXTRACT(EPOCH FROM '1900-07-28 06:00:00-06:00'::timestamptz)), 641.81),
    ('25bf57cb-cd66-4377-9ed8-16490111b226', (SELECT EXTRACT(EPOCH FROM '1900-07-29 06:00:00-06:00'::timestamptz)), 641.78),
    ('25bf57cb-cd66-4377-9ed8-16490111b226', (SELECT EXTRACT(EPOCH FROM '1900-07-30 06:00:00-06:00'::timestamptz)), 641.74),
    ('25bf57cb-cd66-4377-9ed8-16490111b226', (SELECT EXTRACT(EPOCH FROM '1900-07-31 06:00:00-06:00'::timestamptz)), 641.7),
    ('25bf57cb-cd66-4377-9ed8-16490111b226', (SELECT EXTRACT(EPOCH FROM '1900-08-01 06:00:00-06:00'::timestamptz)), 641.64),
    ('25bf57cb-cd66-4377-9ed8-16490111b226', (SELECT EXTRACT(EPOCH FROM '1900-08-02 06:00:00-06:00'::timestamptz)), 641.58),
    ('25bf57cb-cd66-4377-9ed8-16490111b226', (SELECT EXTRACT(EPOCH FROM '1900-08-03 06:00:00-06:00'::timestamptz)), 641.52),
    ('25bf57cb-cd66-4377-9ed8-16490111b226', (SELECT EXTRACT(EPOCH FROM '1900-08-04 06:00:00-06:00'::timestamptz)), 641.46),
    ('25bf57cb-cd66-4377-9ed8-16490111b226', (SELECT EXTRACT(EPOCH FROM '1900-08-05 06:00:00-06:00'::timestamptz)), 641.4),
    ('25bf57cb-cd66-4377-9ed8-16490111b226', (SELECT EXTRACT(EPOCH FROM '1900-08-06 06:00:00-06:00'::timestamptz)), 641.34),
    ('25bf57cb-cd66-4377-9ed8-16490111b226', (SELECT EXTRACT(EPOCH FROM '1900-08-07 06:00:00-06:00'::timestamptz)), 641.28),
    ('25bf57cb-cd66-4377-9ed8-16490111b226', (SELECT EXTRACT(EPOCH FROM '1900-08-08 06:00:00-06:00'::timestamptz)), 641.22),
    ('25bf57cb-cd66-4377-9ed8-16490111b226', (SELECT EXTRACT(EPOCH FROM '1900-08-09 06:00:00-06:00'::timestamptz)), 641.16),
    ('25bf57cb-cd66-4377-9ed8-16490111b226', (SELECT EXTRACT(EPOCH FROM '1900-08-10 06:00:00-06:00'::timestamptz)), 641.1),
    ('25bf57cb-cd66-4377-9ed8-16490111b226', (SELECT EXTRACT(EPOCH FROM '1900-08-11 06:00:00-06:00'::timestamptz)), 641.04),
    ('25bf57cb-cd66-4377-9ed8-16490111b226', (SELECT EXTRACT(EPOCH FROM '1900-08-12 06:00:00-06:00'::timestamptz)), 640.98),
    ('25bf57cb-cd66-4377-9ed8-16490111b226', (SELECT EXTRACT(EPOCH FROM '1900-08-13 06:00:00-06:00'::timestamptz)), 640.92),
    ('25bf57cb-cd66-4377-9ed8-16490111b226', (SELECT EXTRACT(EPOCH FROM '1900-08-14 06:00:00-06:00'::timestamptz)), 640.86),
    ('25bf57cb-cd66-4377-9ed8-16490111b226', (SELECT EXTRACT(EPOCH FROM '1900-08-15 06:00:00-06:00'::timestamptz)), 640.8),
    ('25bf57cb-cd66-4377-9ed8-16490111b226', (SELECT EXTRACT(EPOCH FROM '1900-08-16 06:00:00-06:00'::timestamptz)), 640.74),
    ('25bf57cb-cd66-4377-9ed8-16490111b226', (SELECT EXTRACT(EPOCH FROM '1900-08-17 06:00:00-06:00'::timestamptz)), 640.69),
    ('25bf57cb-cd66-4377-9ed8-16490111b226', (SELECT EXTRACT(EPOCH FROM '1900-08-18 06:00:00-06:00'::timestamptz)), 640.63),
    ('25bf57cb-cd66-4377-9ed8-16490111b226', (SELECT EXTRACT(EPOCH FROM '1900-08-19 06:00:00-06:00'::timestamptz)), 640.57),
    ('25bf57cb-cd66-4377-9ed8-16490111b226', (SELECT EXTRACT(EPOCH FROM '1900-08-20 06:00:00-06:00'::timestamptz)), 640.52),
    ('25bf57cb-cd66-4377-9ed8-16490111b226', (SELECT EXTRACT(EPOCH FROM '1900-08-21 06:00:00-06:00'::timestamptz)), 640.46),
    ('25bf57cb-cd66-4377-9ed8-16490111b226', (SELECT EXTRACT(EPOCH FROM '1900-08-22 06:00:00-06:00'::timestamptz)), 640.41),
    ('25bf57cb-cd66-4377-9ed8-16490111b226', (SELECT EXTRACT(EPOCH FROM '1900-08-23 06:00:00-06:00'::timestamptz)), 640.35),
    ('25bf57cb-cd66-4377-9ed8-16490111b226', (SELECT EXTRACT(EPOCH FROM '1900-08-24 06:00:00-06:00'::timestamptz)), 640.29),
    ('25bf57cb-cd66-4377-9ed8-16490111b226', (SELECT EXTRACT(EPOCH FROM '1900-08-25 06:00:00-06:00'::timestamptz)), 640.24),
    ('25bf57cb-cd66-4377-9ed8-16490111b226', (SELECT EXTRACT(EPOCH FROM '1900-08-26 06:00:00-06:00'::timestamptz)), 640.18),
    ('25bf57cb-cd66-4377-9ed8-16490111b226', (SELECT EXTRACT(EPOCH FROM '1900-08-27 06:00:00-06:00'::timestamptz)), 640.13),
    ('25bf57cb-cd66-4377-9ed8-16490111b226', (SELECT EXTRACT(EPOCH FROM '1900-08-28 06:00:00-06:00'::timestamptz)), 640.07),
    ('25bf57cb-cd66-4377-9ed8-16490111b226', (SELECT EXTRACT(EPOCH FROM '1900-08-29 06:00:00-06:00'::timestamptz)), 640.01),
    ('25bf57cb-cd66-4377-9ed8-16490111b226', (SELECT EXTRACT(EPOCH FROM '1900-08-30 06:00:00-06:00'::timestamptz)), 639.96),
    ('25bf57cb-cd66-4377-9ed8-16490111b226', (SELECT EXTRACT(EPOCH FROM '1900-08-31 06:00:00-06:00'::timestamptz)), 639.9),
    ('25bf57cb-cd66-4377-9ed8-16490111b226', (SELECT EXTRACT(EPOCH FROM '1900-09-01 06:00:00-06:00'::timestamptz)), 639.84),
    ('25bf57cb-cd66-4377-9ed8-16490111b226', (SELECT EXTRACT(EPOCH FROM '1900-09-02 06:00:00-06:00'::timestamptz)), 639.78),
    ('25bf57cb-cd66-4377-9ed8-16490111b226', (SELECT EXTRACT(EPOCH FROM '1900-09-03 06:00:00-06:00'::timestamptz)), 639.72),
    ('25bf57cb-cd66-4377-9ed8-16490111b226', (SELECT EXTRACT(EPOCH FROM '1900-09-04 06:00:00-06:00'::timestamptz)), 639.66),
    ('25bf57cb-cd66-4377-9ed8-16490111b226', (SELECT EXTRACT(EPOCH FROM '1900-09-05 06:00:00-06:00'::timestamptz)), 639.6),
    ('25bf57cb-cd66-4377-9ed8-16490111b226', (SELECT EXTRACT(EPOCH FROM '1900-09-06 06:00:00-06:00'::timestamptz)), 639.54),
    ('25bf57cb-cd66-4377-9ed8-16490111b226', (SELECT EXTRACT(EPOCH FROM '1900-09-07 06:00:00-06:00'::timestamptz)), 639.48),
    ('25bf57cb-cd66-4377-9ed8-16490111b226', (SELECT EXTRACT(EPOCH FROM '1900-09-08 06:00:00-06:00'::timestamptz)), 639.42),
    ('25bf57cb-cd66-4377-9ed8-16490111b226', (SELECT EXTRACT(EPOCH FROM '1900-09-09 06:00:00-06:00'::timestamptz)), 639.36),
    ('25bf57cb-cd66-4377-9ed8-16490111b226', (SELECT EXTRACT(EPOCH FROM '1900-09-10 06:00:00-06:00'::timestamptz)), 639.3),
    ('25bf57cb-cd66-4377-9ed8-16490111b226', (SELECT EXTRACT(EPOCH FROM '1900-09-11 06:00:00-06:00'::timestamptz)), 639.24),
    ('25bf57cb-cd66-4377-9ed8-16490111b226', (SELECT EXTRACT(EPOCH FROM '1900-09-12 06:00:00-06:00'::timestamptz)), 639.18),
    ('25bf57cb-cd66-4377-9ed8-16490111b226', (SELECT EXTRACT(EPOCH FROM '1900-09-13 06:00:00-06:00'::timestamptz)), 639.12),
    ('25bf57cb-cd66-4377-9ed8-16490111b226', (SELECT EXTRACT(EPOCH FROM '1900-09-14 06:00:00-06:00'::timestamptz)), 639.06),
    ('25bf57cb-cd66-4377-9ed8-16490111b226', (SELECT EXTRACT(EPOCH FROM '1900-09-15 06:00:00-06:00'::timestamptz)), 639.0),
    ('25bf57cb-cd66-4377-9ed8-16490111b226', (SELECT EXTRACT(EPOCH FROM '1900-09-16 06:00:00-06:00'::timestamptz)), 638.93),
    ('25bf57cb-cd66-4377-9ed8-16490111b226', (SELECT EXTRACT(EPOCH FROM '1900-09-17 06:00:00-06:00'::timestamptz)), 638.85),
    ('25bf57cb-cd66-4377-9ed8-16490111b226', (SELECT EXTRACT(EPOCH FROM '1900-09-18 06:00:00-06:00'::timestamptz)), 638.78),
    ('25bf57cb-cd66-4377-9ed8-16490111b226', (SELECT EXTRACT(EPOCH FROM '1900-09-19 06:00:00-06:00'::timestamptz)), 638.71),
    ('25bf57cb-cd66-4377-9ed8-16490111b226', (SELECT EXTRACT(EPOCH FROM '1900-09-20 06:00:00-06:00'::timestamptz)), 638.63),
    ('25bf57cb-cd66-4377-9ed8-16490111b226', (SELECT EXTRACT(EPOCH FROM '1900-09-21 06:00:00-06:00'::timestamptz)), 638.56),
    ('25bf57cb-cd66-4377-9ed8-16490111b226', (SELECT EXTRACT(EPOCH FROM '1900-09-22 06:00:00-06:00'::timestamptz)), 638.49),
    ('25bf57cb-cd66-4377-9ed8-16490111b226', (SELECT EXTRACT(EPOCH FROM '1900-09-23 06:00:00-06:00'::timestamptz)), 638.41),
    ('25bf57cb-cd66-4377-9ed8-16490111b226', (SELECT EXTRACT(EPOCH FROM '1900-09-24 06:00:00-06:00'::timestamptz)), 638.34),
    ('25bf57cb-cd66-4377-9ed8-16490111b226', (SELECT EXTRACT(EPOCH FROM '1900-09-25 06:00:00-06:00'::timestamptz)), 638.27),
    ('25bf57cb-cd66-4377-9ed8-16490111b226', (SELECT EXTRACT(EPOCH FROM '1900-09-26 06:00:00-06:00'::timestamptz)), 638.19),
    ('25bf57cb-cd66-4377-9ed8-16490111b226', (SELECT EXTRACT(EPOCH FROM '1900-09-27 06:00:00-06:00'::timestamptz)), 638.12),
    ('25bf57cb-cd66-4377-9ed8-16490111b226', (SELECT EXTRACT(EPOCH FROM '1900-09-28 06:00:00-06:00'::timestamptz)), 638.05),
    ('25bf57cb-cd66-4377-9ed8-16490111b226', (SELECT EXTRACT(EPOCH FROM '1900-09-29 06:00:00-06:00'::timestamptz)), 637.97),
    ('25bf57cb-cd66-4377-9ed8-16490111b226', (SELECT EXTRACT(EPOCH FROM '1900-09-30 06:00:00-06:00'::timestamptz)), 637.9),
    ('25bf57cb-cd66-4377-9ed8-16490111b226', (SELECT EXTRACT(EPOCH FROM '1900-10-01 06:00:00-06:00'::timestamptz)), 637.83),
    ('25bf57cb-cd66-4377-9ed8-16490111b226', (SELECT EXTRACT(EPOCH FROM '1900-10-02 06:00:00-06:00'::timestamptz)), 637.77),
    ('25bf57cb-cd66-4377-9ed8-16490111b226', (SELECT EXTRACT(EPOCH FROM '1900-10-03 06:00:00-06:00'::timestamptz)), 637.7),
    ('25bf57cb-cd66-4377-9ed8-16490111b226', (SELECT EXTRACT(EPOCH FROM '1900-10-04 06:00:00-06:00'::timestamptz)), 637.63),
    ('25bf57cb-cd66-4377-9ed8-16490111b226', (SELECT EXTRACT(EPOCH FROM '1900-10-05 06:00:00-06:00'::timestamptz)), 637.57),
    ('25bf57cb-cd66-4377-9ed8-16490111b226', (SELECT EXTRACT(EPOCH FROM '1900-10-06 06:00:00-06:00'::timestamptz)), 637.5),
    ('25bf57cb-cd66-4377-9ed8-16490111b226', (SELECT EXTRACT(EPOCH FROM '1900-10-07 06:00:00-06:00'::timestamptz)), 637.43),
    ('25bf57cb-cd66-4377-9ed8-16490111b226', (SELECT EXTRACT(EPOCH FROM '1900-10-08 06:00:00-06:00'::timestamptz)), 637.37),
    ('25bf57cb-cd66-4377-9ed8-16490111b226', (SELECT EXTRACT(EPOCH FROM '1900-10-09 06:00:00-06:00'::timestamptz)), 637.3),
    ('25bf57cb-cd66-4377-9ed8-16490111b226', (SELECT EXTRACT(EPOCH FROM '1900-10-10 06:00:00-06:00'::timestamptz)), 637.23),
    ('25bf57cb-cd66-4377-9ed8-16490111b226', (SELECT EXTRACT(EPOCH FROM '1900-10-11 06:00:00-06:00'::timestamptz)), 637.17),
    ('25bf57cb-cd66-4377-9ed8-16490111b226', (SELECT EXTRACT(EPOCH FROM '1900-10-12 06:00:00-06:00'::timestamptz)), 637.1),
    ('25bf57cb-cd66-4377-9ed8-16490111b226', (SELECT EXTRACT(EPOCH FROM '1900-10-13 06:00:00-06:00'::timestamptz)), 637.03),
    ('25bf57cb-cd66-4377-9ed8-16490111b226', (SELECT EXTRACT(EPOCH FROM '1900-10-14 06:00:00-06:00'::timestamptz)), 636.97),
    ('25bf57cb-cd66-4377-9ed8-16490111b226', (SELECT EXTRACT(EPOCH FROM '1900-10-15 06:00:00-06:00'::timestamptz)), 636.9),
    ('25bf57cb-cd66-4377-9ed8-16490111b226', (SELECT EXTRACT(EPOCH FROM '1900-10-16 06:00:00-06:00'::timestamptz)), 636.85),
    ('25bf57cb-cd66-4377-9ed8-16490111b226', (SELECT EXTRACT(EPOCH FROM '1900-10-17 06:00:00-06:00'::timestamptz)), 636.8),
    ('25bf57cb-cd66-4377-9ed8-16490111b226', (SELECT EXTRACT(EPOCH FROM '1900-10-18 06:00:00-06:00'::timestamptz)), 636.75),
    ('25bf57cb-cd66-4377-9ed8-16490111b226', (SELECT EXTRACT(EPOCH FROM '1900-10-19 06:00:00-06:00'::timestamptz)), 636.7),
    ('25bf57cb-cd66-4377-9ed8-16490111b226', (SELECT EXTRACT(EPOCH FROM '1900-10-20 06:00:00-06:00'::timestamptz)), 636.65),
    ('25bf57cb-cd66-4377-9ed8-16490111b226', (SELECT EXTRACT(EPOCH FROM '1900-10-21 06:00:00-06:00'::timestamptz)), 636.6),
    ('25bf57cb-cd66-4377-9ed8-16490111b226', (SELECT EXTRACT(EPOCH FROM '1900-10-22 06:00:00-06:00'::timestamptz)), 636.55),
    ('25bf57cb-cd66-4377-9ed8-16490111b226', (SELECT EXTRACT(EPOCH FROM '1900-10-23 06:00:00-06:00'::timestamptz)), 636.5),
    ('25bf57cb-cd66-4377-9ed8-16490111b226', (SELECT EXTRACT(EPOCH FROM '1900-10-24 06:00:00-06:00'::timestamptz)), 636.45),
    ('25bf57cb-cd66-4377-9ed8-16490111b226', (SELECT EXTRACT(EPOCH FROM '1900-10-25 06:00:00-06:00'::timestamptz)), 636.4),
    ('25bf57cb-cd66-4377-9ed8-16490111b226', (SELECT EXTRACT(EPOCH FROM '1900-10-26 06:00:00-06:00'::timestamptz)), 636.35),
    ('25bf57cb-cd66-4377-9ed8-16490111b226', (SELECT EXTRACT(EPOCH FROM '1900-10-27 06:00:00-06:00'::timestamptz)), 636.3),
    ('25bf57cb-cd66-4377-9ed8-16490111b226', (SELECT EXTRACT(EPOCH FROM '1900-10-28 06:00:00-06:00'::timestamptz)), 636.25),
    ('25bf57cb-cd66-4377-9ed8-16490111b226', (SELECT EXTRACT(EPOCH FROM '1900-10-29 06:00:00-06:00'::timestamptz)), 636.2),
    ('25bf57cb-cd66-4377-9ed8-16490111b226', (SELECT EXTRACT(EPOCH FROM '1900-10-30 06:00:00-06:00'::timestamptz)), 636.15),
    ('25bf57cb-cd66-4377-9ed8-16490111b226', (SELECT EXTRACT(EPOCH FROM '1900-10-31 06:00:00-06:00'::timestamptz)), 636.1),
    ('25bf57cb-cd66-4377-9ed8-16490111b226', (SELECT EXTRACT(EPOCH FROM '1900-11-01 06:00:00-06:00'::timestamptz)), 636.06),
    ('25bf57cb-cd66-4377-9ed8-16490111b226', (SELECT EXTRACT(EPOCH FROM '1900-11-02 06:00:00-06:00'::timestamptz)), 636.02),
    ('25bf57cb-cd66-4377-9ed8-16490111b226', (SELECT EXTRACT(EPOCH FROM '1900-11-03 06:00:00-06:00'::timestamptz)), 635.98),
    ('25bf57cb-cd66-4377-9ed8-16490111b226', (SELECT EXTRACT(EPOCH FROM '1900-11-04 06:00:00-06:00'::timestamptz)), 635.94),
    ('25bf57cb-cd66-4377-9ed8-16490111b226', (SELECT EXTRACT(EPOCH FROM '1900-11-05 06:00:00-06:00'::timestamptz)), 635.9),
    ('25bf57cb-cd66-4377-9ed8-16490111b226', (SELECT EXTRACT(EPOCH FROM '1900-11-06 06:00:00-06:00'::timestamptz)), 635.86),
    ('25bf57cb-cd66-4377-9ed8-16490111b226', (SELECT EXTRACT(EPOCH FROM '1900-11-07 06:00:00-06:00'::timestamptz)), 635.82),
    ('25bf57cb-cd66-4377-9ed8-16490111b226', (SELECT EXTRACT(EPOCH FROM '1900-11-08 06:00:00-06:00'::timestamptz)), 635.78),
    ('25bf57cb-cd66-4377-9ed8-16490111b226', (SELECT EXTRACT(EPOCH FROM '1900-11-09 06:00:00-06:00'::timestamptz)), 635.74),
    ('25bf57cb-cd66-4377-9ed8-16490111b226', (SELECT EXTRACT(EPOCH FROM '1900-11-10 06:00:00-06:00'::timestamptz)), 635.7),
    ('25bf57cb-cd66-4377-9ed8-16490111b226', (SELECT EXTRACT(EPOCH FROM '1900-11-11 06:00:00-06:00'::timestamptz)), 635.66),
    ('25bf57cb-cd66-4377-9ed8-16490111b226', (SELECT EXTRACT(EPOCH FROM '1900-11-12 06:00:00-06:00'::timestamptz)), 635.62),
    ('25bf57cb-cd66-4377-9ed8-16490111b226', (SELECT EXTRACT(EPOCH FROM '1900-11-13 06:00:00-06:00'::timestamptz)), 635.58),
    ('25bf57cb-cd66-4377-9ed8-16490111b226', (SELECT EXTRACT(EPOCH FROM '1900-11-14 06:00:00-06:00'::timestamptz)), 635.54),
    ('25bf57cb-cd66-4377-9ed8-16490111b226', (SELECT EXTRACT(EPOCH FROM '1900-11-15 06:00:00-06:00'::timestamptz)), 635.5),
    ('25bf57cb-cd66-4377-9ed8-16490111b226', (SELECT EXTRACT(EPOCH FROM '1900-11-16 06:00:00-06:00'::timestamptz)), 635.47),
    ('25bf57cb-cd66-4377-9ed8-16490111b226', (SELECT EXTRACT(EPOCH FROM '1900-11-17 06:00:00-06:00'::timestamptz)), 635.45),
    ('25bf57cb-cd66-4377-9ed8-16490111b226', (SELECT EXTRACT(EPOCH FROM '1900-11-18 06:00:00-06:00'::timestamptz)), 635.42),
    ('25bf57cb-cd66-4377-9ed8-16490111b226', (SELECT EXTRACT(EPOCH FROM '1900-11-19 06:00:00-06:00'::timestamptz)), 635.39),
    ('25bf57cb-cd66-4377-9ed8-16490111b226', (SELECT EXTRACT(EPOCH FROM '1900-11-20 06:00:00-06:00'::timestamptz)), 635.37),
    ('25bf57cb-cd66-4377-9ed8-16490111b226', (SELECT EXTRACT(EPOCH FROM '1900-11-21 06:00:00-06:00'::timestamptz)), 635.34),
    ('25bf57cb-cd66-4377-9ed8-16490111b226', (SELECT EXTRACT(EPOCH FROM '1900-11-22 06:00:00-06:00'::timestamptz)), 635.31),
    ('25bf57cb-cd66-4377-9ed8-16490111b226', (SELECT EXTRACT(EPOCH FROM '1900-11-23 06:00:00-06:00'::timestamptz)), 635.29),
    ('25bf57cb-cd66-4377-9ed8-16490111b226', (SELECT EXTRACT(EPOCH FROM '1900-11-24 06:00:00-06:00'::timestamptz)), 635.26),
    ('25bf57cb-cd66-4377-9ed8-16490111b226', (SELECT EXTRACT(EPOCH FROM '1900-11-25 06:00:00-06:00'::timestamptz)), 635.23),
    ('25bf57cb-cd66-4377-9ed8-16490111b226', (SELECT EXTRACT(EPOCH FROM '1900-11-26 06:00:00-06:00'::timestamptz)), 635.21),
    ('25bf57cb-cd66-4377-9ed8-16490111b226', (SELECT EXTRACT(EPOCH FROM '1900-11-27 06:00:00-06:00'::timestamptz)), 635.18),
    ('25bf57cb-cd66-4377-9ed8-16490111b226', (SELECT EXTRACT(EPOCH FROM '1900-11-28 06:00:00-06:00'::timestamptz)), 635.15),
    ('25bf57cb-cd66-4377-9ed8-16490111b226', (SELECT EXTRACT(EPOCH FROM '1900-11-29 06:00:00-06:00'::timestamptz)), 635.13),
    ('25bf57cb-cd66-4377-9ed8-16490111b226', (SELECT EXTRACT(EPOCH FROM '1900-11-30 06:00:00-06:00'::timestamptz)), 635.1),
    ('25bf57cb-cd66-4377-9ed8-16490111b226', (SELECT EXTRACT(EPOCH FROM '1900-12-01 06:00:00-06:00'::timestamptz)), 635.09),
    ('25bf57cb-cd66-4377-9ed8-16490111b226', (SELECT EXTRACT(EPOCH FROM '1900-12-02 06:00:00-06:00'::timestamptz)), 635.09),
    ('25bf57cb-cd66-4377-9ed8-16490111b226', (SELECT EXTRACT(EPOCH FROM '1900-12-03 06:00:00-06:00'::timestamptz)), 635.08),
    ('25bf57cb-cd66-4377-9ed8-16490111b226', (SELECT EXTRACT(EPOCH FROM '1900-12-04 06:00:00-06:00'::timestamptz)), 635.07),
    ('25bf57cb-cd66-4377-9ed8-16490111b226', (SELECT EXTRACT(EPOCH FROM '1900-12-05 06:00:00-06:00'::timestamptz)), 635.07),
    ('25bf57cb-cd66-4377-9ed8-16490111b226', (SELECT EXTRACT(EPOCH FROM '1900-12-06 06:00:00-06:00'::timestamptz)), 635.06),
    ('25bf57cb-cd66-4377-9ed8-16490111b226', (SELECT EXTRACT(EPOCH FROM '1900-12-07 06:00:00-06:00'::timestamptz)), 635.05),
    ('25bf57cb-cd66-4377-9ed8-16490111b226', (SELECT EXTRACT(EPOCH FROM '1900-12-08 06:00:00-06:00'::timestamptz)), 635.05),
    ('25bf57cb-cd66-4377-9ed8-16490111b226', (SELECT EXTRACT(EPOCH FROM '1900-12-09 06:00:00-06:00'::timestamptz)), 635.04),
    ('25bf57cb-cd66-4377-9ed8-16490111b226', (SELECT EXTRACT(EPOCH FROM '1900-12-10 06:00:00-06:00'::timestamptz)), 635.03),
    ('25bf57cb-cd66-4377-9ed8-16490111b226', (SELECT EXTRACT(EPOCH FROM '1900-12-11 06:00:00-06:00'::timestamptz)), 635.03),
    ('25bf57cb-cd66-4377-9ed8-16490111b226', (SELECT EXTRACT(EPOCH FROM '1900-12-12 06:00:00-06:00'::timestamptz)), 635.02),
    ('25bf57cb-cd66-4377-9ed8-16490111b226', (SELECT EXTRACT(EPOCH FROM '1900-12-13 06:00:00-06:00'::timestamptz)), 635.01),
    ('25bf57cb-cd66-4377-9ed8-16490111b226', (SELECT EXTRACT(EPOCH FROM '1900-12-14 06:00:00-06:00'::timestamptz)), 635.01),
    ('25bf57cb-cd66-4377-9ed8-16490111b226', (SELECT EXTRACT(EPOCH FROM '1900-12-15 06:00:00-06:00'::timestamptz)), 635.0),
    ('25bf57cb-cd66-4377-9ed8-16490111b226', (SELECT EXTRACT(EPOCH FROM '1900-12-16 06:00:00-06:00'::timestamptz)), 635.0),
    ('25bf57cb-cd66-4377-9ed8-16490111b226', (SELECT EXTRACT(EPOCH FROM '1900-12-17 06:00:00-06:00'::timestamptz)), 635.0),
    ('25bf57cb-cd66-4377-9ed8-16490111b226', (SELECT EXTRACT(EPOCH FROM '1900-12-18 06:00:00-06:00'::timestamptz)), 635.0),
    ('25bf57cb-cd66-4377-9ed8-16490111b226', (SELECT EXTRACT(EPOCH FROM '1900-12-19 06:00:00-06:00'::timestamptz)), 635.0),
    ('25bf57cb-cd66-4377-9ed8-16490111b226', (SELECT EXTRACT(EPOCH FROM '1900-12-20 06:00:00-06:00'::timestamptz)), 635.0),
    ('25bf57cb-cd66-4377-9ed8-16490111b226', (SELECT EXTRACT(EPOCH FROM '1900-12-21 06:00:00-06:00'::timestamptz)), 635.0),
    ('25bf57cb-cd66-4377-9ed8-16490111b226', (SELECT EXTRACT(EPOCH FROM '1900-12-22 06:00:00-06:00'::timestamptz)), 635.0),
    ('25bf57cb-cd66-4377-9ed8-16490111b226', (SELECT EXTRACT(EPOCH FROM '1900-12-23 06:00:00-06:00'::timestamptz)), 635.0),
    ('25bf57cb-cd66-4377-9ed8-16490111b226', (SELECT EXTRACT(EPOCH FROM '1900-12-24 06:00:00-06:00'::timestamptz)), 635.0),
    ('25bf57cb-cd66-4377-9ed8-16490111b226', (SELECT EXTRACT(EPOCH FROM '1900-12-25 06:00:00-06:00'::timestamptz)), 635.0),
    ('25bf57cb-cd66-4377-9ed8-16490111b226', (SELECT EXTRACT(EPOCH FROM '1900-12-26 06:00:00-06:00'::timestamptz)), 635.0),
    ('25bf57cb-cd66-4377-9ed8-16490111b226', (SELECT EXTRACT(EPOCH FROM '1900-12-27 06:00:00-06:00'::timestamptz)), 635.0),
    ('25bf57cb-cd66-4377-9ed8-16490111b226', (SELECT EXTRACT(EPOCH FROM '1900-12-28 06:00:00-06:00'::timestamptz)), 635.0),
    ('25bf57cb-cd66-4377-9ed8-16490111b226', (SELECT EXTRACT(EPOCH FROM '1900-12-29 06:00:00-06:00'::timestamptz)), 635.0),
    ('25bf57cb-cd66-4377-9ed8-16490111b226', (SELECT EXTRACT(EPOCH FROM '1900-12-30 06:00:00-06:00'::timestamptz)), 635.0),
    ('25bf57cb-cd66-4377-9ed8-16490111b226', (SELECT EXTRACT(EPOCH FROM '1900-12-31 06:00:00-06:00'::timestamptz)), 635.0),
    ('25bf57cb-cd66-4377-9ed8-16490111b226', (SELECT EXTRACT(EPOCH FROM '1901-01-01 06:00:00-06:00'::timestamptz)), 635.0);